product_id,tn,tn_pred,MAE,MSE,RMSE,MAPE
20032,14168.01,11257.36,148.0,28250.57,168.08,25.79
20049,5364.78,4257.56,64.92,6550.55,80.94,28.65
20085,4373.92,3607.23,41.7,2377.74,48.76,22.72
20089,4322.67,3421.94,68.6,6618.75,81.36,89.62
20112,1780.16,1485.5,14.1,293.88,17.14,17.76
20126,2372.14,2023.08,31.66,1802.27,42.45,44.22
20127,5002.5,3893.74,59.18,8064.48,89.8,72.28
20130,2333.15,2035.64,22.88,866.88,29.44,23.31
20135,2561.57,2218.78,29.29,1238.89,35.2,28.16
20143,2356.85,2058.05,33.13,1600.27,40.0,51.64
20150,2258.72,1829.57,43.8,3957.33,62.91,469.91
20159,1786.74,1623.99,18.86,583.45,24.15,29.56
20164,1289.82,1159.29,11.47,224.1,14.97,26.99
20170,1752.29,1586.34,17.31,487.12,22.07,25.32
20174,2755.48,2280.58,24.46,819.02,28.62,21.0
20175,1095.43,1096.34,11.92,212.62,14.58,29.47
20176,916.15,950.41,7.76,114.17,10.68,23.39
20177,907.6,925.55,9.1,133.86,11.57,25.93
20179,824.97,855.47,12.05,208.74,14.45,44.8
20180,927.99,918.18,8.33,138.74,11.78,40.66
20181,904.86,921.99,7.02,83.65,9.15,19.98
20182,880.75,920.61,9.86,134.91,11.62,36.23
20183,738.84,863.71,9.74,132.31,11.5,35.84
20184,882.18,897.89,9.72,186.15,13.64,34.78
20187,859.21,921.2,7.9,115.64,10.75,30.26
20188,849.56,897.38,9.11,134.66,11.6,29.97
20189,817.08,797.56,8.72,113.58,10.66,29.16
20192,898.85,709.52,20.8,851.73,29.18,81.28
20193,860.39,872.27,9.21,164.54,12.83,26.71
20196,879.32,818.26,8.89,149.11,12.21,31.62
20197,809.27,861.33,6.55,76.08,8.72,25.09
20198,902.26,884.11,7.38,86.41,9.3,20.1
20200,841.14,850.94,4.64,38.27,6.19,14.39
20201,832.43,849.71,10.29,148.49,12.19,36.42
20202,959.52,934.79,10.4,183.76,13.56,35.89
20203,951.01,847.68,13.58,295.43,17.19,58.34
20205,846.93,849.38,8.5,115.86,10.76,27.41
20206,808.08,868.11,7.62,90.68,9.52,26.18
20207,741.36,906.96,11.66,203.01,14.25,41.68
20208,753.46,798.58,5.55,49.86,7.06,19.56
20209,681.45,717.6,8.62,117.57,10.84,39.24
20210,1972.26,1615.26,20.56,840.71,28.99,51.78
20211,777.46,896.47,8.5,105.1,10.25,38.65
20212,665.59,706.86,6.93,86.17,9.28,28.32
20213,1874.88,1562.82,15.75,308.3,17.56,20.26
20215,714.77,764.94,5.72,47.86,6.92,20.98
20216,779.86,853.51,11.06,207.73,14.41,47.04
20218,688.94,629.44,7.35,92.44,9.61,32.04
20219,645.08,743.96,6.84,63.12,7.95,29.04
20220,630.63,753.13,7.02,67.5,8.22,32.34
20222,630.92,725.8,6.93,76.39,8.74,40.05
20224,730.96,718.81,5.06,44.15,6.64,19.42
20225,508.39,628.98,7.43,74.69,8.64,43.13
20226,594.57,727.64,7.83,93.2,9.65,41.42
20227,773.37,646.58,10.71,201.94,14.21,33.75
20228,579.21,726.77,8.8,106.44,10.32,59.7
20230,502.29,624.65,6.66,58.04,7.62,38.0
20231,581.76,726.52,6.69,60.2,7.76,31.82
20232,722.79,662.32,8.48,143.7,11.99,26.9
20233,637.73,570.42,10.55,226.66,15.06,1136.54
20234,567.73,532.96,18.2,445.11,21.1,171.0
20235,670.99,649.73,7.07,75.53,8.69,27.61
20236,2342.79,1985.74,20.68,704.53,26.54,23.22
20237,1126.1,1034.69,9.69,163.76,12.8,24.93
20238,528.6,645.11,9.01,119.44,10.93,55.48
20239,496.14,558.39,6.85,80.39,8.97,60.5
20240,586.44,588.93,8.14,107.56,10.37,39.62
20241,595.81,692.34,6.51,54.55,7.39,29.8
20242,536.95,703.15,8.76,116.39,10.79,65.35
20244,483.62,597.86,7.58,84.16,9.17,62.19
20246,556.74,645.32,6.02,54.16,7.36,32.08
20249,504.25,560.0,10.1,150.36,12.26,69.88
20251,515.72,639.71,9.64,110.22,10.5,54.19
20252,550.73,664.7,7.63,72.01,8.49,39.35
20253,530.64,588.79,6.06,56.96,7.55,39.22
20254,590.71,652.43,5.59,43.71,6.61,25.89
20255,482.8,626.15,10.73,157.59,12.55,88.21
20256,454.5,596.75,6.67,56.21,7.5,40.48
20257,1397.52,1198.76,9.44,133.11,11.54,15.89
20259,526.29,550.61,7.82,90.01,9.49,41.31
20261,1721.46,1470.02,13.12,274.06,16.55,17.54
20262,610.89,566.72,8.72,105.63,10.28,40.7
20263,498.81,629.53,6.24,57.65,7.59,37.52
20264,507.75,628.68,6.18,56.35,7.51,35.63
20265,514.32,476.14,16.65,346.11,18.6,151.23
20266,805.22,736.75,8.38,138.71,11.78,31.37
20267,491.94,622.45,5.61,49.9,7.06,33.51
20268,466.19,592.73,8.39,102.13,10.11,127.6
20269,488.11,640.87,7.82,83.41,9.13,83.34
20270,545.14,623.24,6.64,65.57,8.1,39.31
20271,504.62,553.37,9.46,130.26,11.41,66.68
20272,465.25,613.6,6.92,61.07,7.81,42.98
20273,463.95,599.39,7.82,75.41,8.68,49.61
20275,500.78,567.03,6.57,61.18,7.82,60.23
20276,465.27,601.16,6.11,48.42,6.96,36.39
20277,495.36,600.21,7.56,114.6,10.7,1625.1
20278,437.25,505.06,8.42,99.78,9.99,72.42
20280,439.4,523.95,6.58,73.51,8.57,530.1
20281,422.32,503.29,6.89,78.08,8.84,482.37
20282,481.47,590.83,7.96,92.38,9.61,83.47
20283,451.38,616.11,7.71,69.36,8.33,46.05
20284,431.29,586.44,6.65,71.24,8.44,50.93
20285,454.1,514.03,7.57,79.44,8.91,58.49
20286,1194.67,1035.48,7.65,94.38,9.71,14.68
20288,413.66,525.05,5.86,49.7,7.05,44.32
20289,463.62,553.67,6.65,73.79,8.59,100.09
20290,454.48,560.52,6.02,61.81,7.86,51.8
20291,466.91,618.11,7.06,63.56,7.97,42.88
20292,414.11,583.71,7.25,73.8,8.59,54.61
20295,459.07,609.34,7.07,64.51,8.03,49.13
20296,443.25,573.81,6.33,50.42,7.1,40.05
20297,560.41,516.1,7.4,104.69,10.23,48.12
20298,479.74,359.61,6.39,86.45,9.3,28.41
20299,518.63,546.19,8.22,90.7,9.52,50.21
20300,413.67,561.02,6.99,60.31,7.77,47.85
20301,397.13,575.09,7.81,75.05,8.66,56.63
20302,423.28,427.49,14.26,250.27,15.82,215.2
20303,451.7,585.69,6.14,54.96,7.41,40.49
20304,360.62,514.61,8.8,111.83,10.58,110.83
20305,416.22,420.61,13.56,240.99,15.52,233.45
20306,551.4,522.86,6.03,57.87,7.61,26.3
20307,402.41,556.79,7.46,64.93,8.06,51.63
20309,411.17,556.9,6.97,69.53,8.34,55.42
20310,427.45,567.21,7.41,69.66,8.35,53.09
20311,504.63,564.74,4.89,51.14,7.15,45.14
20313,519.57,494.43,5.68,57.46,7.58,29.4
20314,422.35,560.6,6.26,51.38,7.17,42.52
20315,377.72,537.54,6.72,67.38,8.21,109.79
20316,428.19,483.04,5.39,45.25,6.73,42.0
20317,391.58,560.75,7.24,60.15,7.76,49.17
20319,446.81,383.32,4.14,33.25,5.77,20.01
20320,384.02,532.43,6.91,56.08,7.49,50.32
20321,373.87,507.99,7.86,78.45,8.86,66.43
20322,374.46,549.89,8.2,86.45,9.3,72.06
20323,553.93,457.91,7.17,95.24,9.76,30.92
20324,380.03,550.84,7.56,71.72,8.47,59.35
20325,352.94,527.89,9.27,116.8,10.81,113.08
20326,370.97,533.93,6.84,58.05,7.62,52.22
20327,358.27,518.98,7.96,79.77,8.93,68.93
20328,438.76,529.42,5.41,43.36,6.58,38.49
20329,344.3,515.88,7.82,78.31,8.85,73.42
20330,373.74,532.02,6.68,57.79,7.6,50.53
20332,375.63,483.27,8.15,87.55,9.36,80.92
20334,534.89,487.42,8.31,104.01,10.2,541.99
20335,401.75,548.49,6.9,63.71,7.98,50.77
20336,339.57,509.91,7.23,71.6,8.46,69.74
20337,451.9,458.55,4.61,33.05,5.75,29.01
20338,340.29,518.1,7.45,67.54,8.22,61.79
20340,529.4,473.44,7.56,83.53,9.14,38.39
20341,300.89,435.86,5.87,47.2,6.87,61.43
20342,415.98,529.82,6.61,68.67,8.29,111.03
20343,388.81,314.14,5.04,59.46,7.71,49.92
20344,501.52,506.74,4.09,27.14,5.21,21.59
20346,344.41,521.06,7.36,65.12,8.07,60.91
20348,483.81,492.43,3.57,19.83,4.45,18.27
20349,336.97,509.29,7.23,67.09,8.19,66.87
20350,350.54,379.9,12.22,186.6,13.66,258.53
20351,553.31,547.72,5.79,55.8,7.47,31.07
20352,339.15,480.5,5.98,47.27,6.88,51.49
20353,332.17,495.46,7.08,77.29,8.79,180.76
20354,347.24,491.41,6.33,46.97,6.85,49.35
20355,853.13,767.81,6.35,74.38,8.62,21.48
20356,333.27,484.69,6.53,64.74,8.05,90.15
20357,335.69,446.48,4.92,46.68,6.83,167.43
20358,308.53,453.5,6.86,60.05,7.75,71.38
20359,325.99,498.03,7.25,64.35,8.02,70.29
20361,360.57,410.8,5.0,34.19,5.85,44.99
20362,305.5,479.86,9.06,103.9,10.19,132.03
20364,680.12,638.48,7.51,98.49,9.92,35.65
20365,306.37,481.63,7.3,69.68,8.35,74.9
20366,358.14,492.0,6.21,45.06,6.71,47.94
20367,310.67,320.04,2.42,9.06,3.01,19.92
20368,491.68,491.99,3.96,30.48,5.52,23.22
20372,295.36,320.47,3.8,21.53,4.64,40.68
20375,325.3,334.47,2.29,7.02,2.65,18.62
20377,343.22,272.95,4.81,35.51,5.96,37.77
20378,590.63,582.56,8.29,108.5,10.42,43.42
20379,301.88,296.98,4.12,30.14,5.49,36.09
20380,286.41,293.92,2.63,10.17,3.19,28.68
20381,295.35,297.59,2.45,8.75,2.96,21.97
20382,258.21,309.92,2.54,9.7,3.11,27.13
20383,297.3,320.97,3.3,17.79,4.22,29.99
20384,315.6,275.64,4.44,27.36,5.23,34.59
20385,284.91,316.59,2.84,12.85,3.58,27.23
20386,294.33,308.14,1.7,4.42,2.1,15.21
20387,402.42,422.29,3.63,19.97,4.47,24.86
20388,284.16,300.21,4.36,29.7,5.45,61.86
20389,635.73,597.15,6.16,63.74,7.98,26.62
20390,351.52,302.07,4.15,40.17,6.34,26.17
20395,385.01,356.75,4.54,34.31,5.86,32.74
20396,270.33,229.2,2.75,15.74,3.97,22.95
20398,285.11,286.28,4.35,64.23,8.01,37.61
20400,271.4,289.83,2.96,20.52,4.53,341.52
20401,281.21,307.84,2.81,10.78,3.28,27.96
20402,359.61,355.94,3.61,23.03,4.8,32.37
20403,376.37,397.08,3.41,19.94,4.47,23.33
20404,249.66,287.51,2.51,9.63,3.1,33.54
20406,325.96,318.81,3.35,16.49,4.06,33.26
20407,267.49,293.81,3.22,16.42,4.05,32.19
20408,478.2,478.35,3.7,33.46,5.78,20.83
20409,266.93,267.37,2.86,16.3,4.04,26.32
20410,262.62,296.06,2.39,8.78,2.96,25.79
20411,238.11,273.82,2.83,12.64,3.56,40.92
20414,748.75,688.79,4.02,38.22,6.18,14.33
20415,279.45,259.5,3.51,27.0,5.2,29.64
20416,237.41,262.03,3.93,43.02,6.56,39.79
20417,302.82,222.06,4.57,49.53,7.04,453.23
20418,242.23,271.57,3.77,38.69,6.22,43.33
20419,252.03,279.24,2.26,7.44,2.73,24.63
20421,282.27,287.34,2.75,18.62,4.31,26.1
20422,230.56,257.8,3.84,36.46,6.04,37.93
20424,215.33,266.72,2.68,9.49,3.08,34.59
20426,155.54,191.45,2.59,12.4,3.52,62.8
20428,241.46,258.91,3.23,26.61,5.16,32.94
20429,231.69,260.89,3.45,39.46,6.28,30.57
20432,216.61,263.96,2.68,9.83,3.14,35.81
20433,239.2,261.35,2.66,10.61,3.26,30.09
20434,233.21,263.95,3.36,20.24,4.5,149.17
20438,233.33,257.72,2.68,10.5,3.24,34.59
20440,726.45,658.45,5.76,108.49,10.42,149.9
20442,750.48,704.57,4.15,31.18,5.58,13.88
20443,223.55,267.0,2.45,8.0,2.83,30.41
20447,274.06,230.41,2.93,16.41,4.05,23.02
20449,231.19,266.43,3.75,46.62,6.83,39.35
20450,256.58,279.31,2.81,11.23,3.35,32.51
20453,276.63,285.91,3.47,28.01,5.29,101.09
20456,224.29,266.25,2.87,12.13,3.48,49.34
20458,592.61,549.57,2.84,18.93,4.35,12.28
20459,474.31,448.62,4.48,39.43,6.28,21.5
20460,397.36,363.05,3.5,29.37,5.42,24.71
20463,214.59,241.95,2.1,7.1,2.66,28.48
20464,223.7,263.54,3.25,15.45,3.93,50.54
20465,223.32,263.15,2.81,11.55,3.4,40.81
20466,205.55,253.87,2.56,8.61,2.93,35.37
20469,221.95,245.97,2.31,7.63,2.76,29.58
20470,248.04,273.79,2.59,14.0,3.74,231.67
20473,202.29,207.13,3.59,19.88,4.46,310.76
20474,189.78,226.14,2.6,8.43,2.9,39.45
20476,596.52,554.06,3.87,39.42,6.28,19.15
20477,403.74,412.82,3.66,35.38,5.95,26.99
20478,217.63,204.95,3.07,17.32,4.16,34.18
20479,293.25,291.91,3.06,17.94,4.24,28.1
20480,189.34,241.76,2.63,8.9,2.98,38.96
20481,216.08,215.48,1.33,3.09,1.76,16.0
20482,229.07,270.1,2.65,8.79,2.96,32.79
20483,211.23,247.73,2.37,8.92,2.99,36.41
20484,154.05,212.19,3.16,14.48,3.8,84.17
20488,318.52,330.43,2.33,9.18,3.03,20.72
20490,186.15,224.83,2.96,22.77,4.77,44.65
20491,375.88,360.01,2.38,21.72,4.66,14.43
20495,407.54,408.67,2.46,13.53,3.68,14.29
20496,231.41,260.58,3.03,14.48,3.8,5589.96
20497,195.56,233.61,3.04,16.28,4.04,56.43
20500,190.04,228.67,1.84,4.63,2.15,26.03
20502,179.82,222.83,3.14,15.69,3.96,78.98
20503,346.3,322.62,4.46,36.96,6.08,107.36
20505,170.92,223.89,2.67,10.59,3.25,60.79
20508,194.17,179.48,2.62,15.72,3.97,32.79
20509,179.13,217.17,2.86,23.49,4.85,49.75
20510,491.17,467.77,4.29,55.84,7.47,20.75
20513,216.51,202.5,2.9,13.08,3.62,36.05
20514,161.65,136.78,1.54,3.64,1.91,21.8
20517,139.21,188.2,2.38,7.14,2.67,52.27
20520,184.37,204.23,3.34,18.82,4.34,948.21
20521,508.28,479.6,4.61,49.27,7.02,25.28
20522,367.1,354.82,3.7,30.65,5.54,25.98
20523,370.34,371.64,3.72,29.01,5.39,32.86
20524,182.79,208.65,1.94,7.56,2.75,65.44
20525,440.72,415.18,1.94,9.58,3.1,10.59
20526,476.87,444.7,3.27,31.54,5.62,19.95
20527,349.63,355.77,3.18,20.65,4.54,25.14
20530,191.25,224.97,3.27,15.88,3.98,56.89
20531,427.52,408.36,2.03,9.83,3.14,11.34
20532,157.83,213.15,2.37,7.99,2.83,43.56
20536,156.14,203.7,2.17,7.33,2.71,42.49
20537,414.06,393.33,2.01,11.42,3.38,11.64
20538,148.96,187.33,2.28,6.98,2.64,45.28
20539,156.74,207.14,2.58,10.9,3.3,53.23
20540,349.23,360.52,2.66,12.97,3.6,21.91
20541,266.37,273.21,2.34,8.04,2.84,23.16
20542,189.05,174.18,1.98,7.29,2.7,38.67
20544,202.24,203.45,2.3,8.28,2.88,34.02
20547,345.7,332.15,1.86,8.85,2.98,12.06
20548,485.94,462.26,2.85,21.68,4.66,15.77
20549,149.56,179.3,3.02,12.79,3.58,91.11
20551,148.65,194.49,2.56,8.89,2.98,63.25
20552,157.89,183.54,2.56,8.73,2.95,2105.21
20553,336.7,351.59,2.21,9.21,3.03,18.16
20555,149.6,125.09,2.13,9.8,3.13,334.31
20558,378.44,366.62,2.83,17.66,4.2,26.87
20559,332.58,343.46,2.61,12.79,3.58,21.58
20560,161.21,199.99,2.37,9.44,3.07,1876.98
20561,135.31,190.97,3.27,27.24,5.22,64.25
20563,125.59,164.24,2.7,10.42,3.23,91.06
20565,162.37,111.5,2.8,17.69,4.21,69.16
20567,220.41,185.03,2.73,13.47,3.67,34.66
20568,108.53,156.88,2.17,5.8,2.41,58.46
20569,248.08,240.33,2.17,12.1,3.48,23.5
20570,143.54,183.85,2.07,6.12,2.47,42.44
20571,233.16,214.45,3.71,33.02,5.75,454.91
20572,131.66,187.44,2.36,7.44,2.73,51.42
20574,109.83,132.35,2.12,6.84,2.62,65.82
20575,379.59,368.25,1.72,6.52,2.55,11.61
20576,150.81,131.58,2.39,11.22,3.35,42.23
20577,372.42,359.75,1.96,9.62,3.1,16.03
20578,120.37,105.12,1.16,2.49,1.58,20.95
20579,152.71,201.12,2.27,7.63,2.76,58.68
20580,345.62,325.15,1.85,7.39,2.72,13.01
20583,131.85,181.04,2.32,6.68,2.58,49.81
20585,120.78,158.79,1.96,4.96,2.23,48.31
20586,143.23,186.19,3.31,35.43,5.95,63.35
20588,127.05,109.38,2.24,7.66,2.77,71.08
20589,163.06,158.42,1.62,3.74,1.93,24.73
20592,402.44,389.4,1.73,8.35,2.89,10.66
20593,411.85,390.62,3.84,54.41,7.38,25.17
20596,139.96,190.24,2.43,8.55,2.92,257.4
20597,124.31,166.36,2.83,20.39,4.52,73.43
20599,122.21,174.05,2.18,6.97,2.64,55.54
20600,116.46,164.33,2.02,5.63,2.37,56.13
20601,139.68,180.27,3.23,33.15,5.76,64.98
20602,118.86,172.53,2.47,7.49,2.74,59.65
20603,337.83,335.2,1.39,5.58,2.36,11.07
20604,147.39,130.84,2.17,8.21,2.86,37.89
20605,116.88,162.19,1.92,4.88,2.21,47.26
20606,130.92,179.81,2.05,5.91,2.43,48.21
20609,127.37,108.15,1.78,4.7,2.17,55.67
20611,279.6,279.42,1.4,5.62,2.37,11.37
20612,114.48,152.14,2.06,5.3,2.3,56.84
20614,116.81,102.21,1.16,2.5,1.58,23.67
20615,323.49,317.17,0.51,1.15,1.07,3.74
20617,122.05,112.45,1.2,4.45,2.11,20.46
20620,362.11,350.5,2.77,44.43,6.67,17.39
20621,301.41,295.55,1.43,7.89,2.81,12.81
20622,123.12,166.2,1.83,4.27,2.07,40.74
20623,317.06,312.78,1.2,4.06,2.02,9.52
20624,133.88,155.84,1.47,4.48,2.12,30.75
20627,205.29,194.55,1.47,7.32,2.71,15.91
20628,102.81,149.19,2.17,7.08,2.66,78.93
20629,97.96,152.94,2.49,7.38,2.72,72.81
20632,106.53,161.28,2.42,6.9,2.63,65.22
20633,313.14,309.58,1.43,6.24,2.5,13.87
20636,118.56,168.13,3.41,26.71,5.17,81.94
20637,111.45,157.91,2.02,5.46,2.34,105.57
20638,154.06,141.84,1.51,4.24,2.06,23.86
20639,101.93,148.17,2.01,4.77,2.18,54.06
20640,110.58,155.18,2.39,6.59,2.57,59.09
20641,107.12,96.72,1.41,4.44,2.11,51.54
20642,113.18,162.48,2.2,6.41,2.53,58.82
20644,79.6,137.31,2.42,6.99,2.64,120.2
20646,140.94,143.41,1.53,4.28,2.07,31.26
20647,102.42,92.24,1.66,6.62,2.57,47.85
20649,522.32,492.45,4.82,74.44,8.63,25.35
20651,84.93,137.6,2.59,9.68,3.11,1982.98
20652,110.44,146.03,1.91,4.84,2.2,51.81
20653,103.1,138.33,1.83,5.79,2.41,173.41
20654,105.59,157.24,2.15,5.85,2.42,57.72
20655,98.29,152.79,2.29,6.15,2.48,65.71
20657,64.05,72.04,2.16,7.69,2.77,335.82
20658,93.22,134.89,2.0,6.11,2.47,118.46
20659,280.67,278.13,1.42,6.57,2.56,13.58
20660,98.48,94.89,1.61,4.54,2.13,87.19
20661,88.76,133.18,1.92,5.47,2.34,75.67
20662,261.44,259.39,0.26,0.37,0.61,2.31
20663,94.74,136.79,2.56,14.95,3.87,85.34
20664,95.02,89.46,0.97,2.2,1.48,25.07
20666,95.66,139.61,2.37,7.62,2.76,104.95
20667,130.32,89.0,2.46,12.45,3.53,39.45
20670,153.45,173.01,2.71,19.93,4.46,52.05
20672,100.2,146.16,1.98,5.44,2.33,91.14
20673,273.24,269.35,1.14,6.52,2.55,10.86
20674,329.74,327.97,1.96,14.86,3.86,15.14
20676,63.78,122.14,2.61,7.72,2.78,144.44
20677,86.56,131.85,2.32,6.63,2.58,79.72
20678,94.53,133.24,2.28,12.33,3.51,90.54
20679,157.01,142.53,1.26,2.74,1.65,19.5
20680,101.09,144.51,2.31,6.31,2.51,65.72
20681,293.45,286.05,1.5,9.79,3.13,11.42
20682,210.86,208.84,1.63,8.35,2.89,17.74
20684,99.55,92.36,1.14,2.05,1.43,37.92
20685,100.82,154.01,3.06,26.77,5.17,89.13
20686,299.96,297.43,0.65,1.53,1.24,5.49
20689,225.96,201.37,2.32,9.22,3.04,31.54
20691,475.37,454.55,3.6,42.47,6.52,22.98
20693,78.77,125.25,2.28,6.48,2.55,92.27
20694,210.67,201.41,0.78,3.03,1.74,10.72
20696,76.92,123.21,2.06,5.13,2.26,86.48
20697,78.2,131.25,2.21,5.52,2.35,79.29
20699,73.55,119.22,2.37,7.04,2.65,128.86
20700,98.33,90.29,1.18,3.0,1.73,48.52
20701,81.68,129.79,2.0,4.66,2.16,67.21
20702,67.25,122.87,2.32,5.83,2.41,95.5
20703,292.01,290.6,0.7,2.24,1.5,6.38
20705,72.95,118.7,2.21,6.35,2.52,124.97
20706,81.83,128.27,2.14,6.19,2.49,283.66
20708,75.13,65.68,0.93,1.32,1.15,30.05
20709,164.66,152.82,0.87,1.73,1.32,11.89
20711,270.07,269.62,1.16,6.49,2.55,12.09
20713,79.98,73.66,0.69,0.78,0.89,37.31
20714,77.11,63.28,1.02,1.68,1.3,30.5
20715,76.81,53.24,1.17,2.36,1.54,36.42
20719,199.69,192.06,0.7,1.14,1.07,8.25
20720,233.9,227.96,0.9,3.69,1.92,9.78
20721,71.72,51.02,1.47,3.05,1.75,479.51
20724,65.65,58.45,1.59,4.44,2.11,116.11
20729,111.08,68.95,1.97,10.61,3.26,47.83
20730,72.55,50.75,1.09,2.02,1.42,35.34
20732,242.64,244.19,1.12,4.69,2.16,12.4
20733,81.43,64.96,1.44,6.65,2.58,37.89
20735,61.67,56.67,0.76,0.9,0.95,33.57
20737,69.33,57.56,1.26,2.92,1.71,128.55
20739,69.7,60.44,0.64,0.55,0.74,21.94
20741,35.53,46.11,1.3,2.73,1.65,479.67
20742,56.61,51.21,0.93,1.5,1.23,98.25
20743,74.31,73.1,0.82,1.25,1.12,28.82
20744,66.14,57.87,0.59,0.65,0.81,20.98
20745,72.08,66.16,0.72,0.75,0.87,28.82
20746,175.59,168.2,0.95,2.5,1.58,14.64
20749,64.5,55.78,0.64,0.57,0.75,23.51
20750,83.86,64.59,1.0,1.63,1.28,27.44
20751,52.13,47.49,0.77,1.21,1.1,102.96
20754,209.75,203.25,0.51,0.61,0.78,6.03
20756,63.3,56.75,0.61,0.69,0.83,24.34
20757,136.41,132.02,1.1,6.58,2.57,19.24
20758,53.45,44.7,0.62,0.65,0.81,26.76
20759,62.47,44.55,0.97,1.63,1.27,33.79
20761,63.96,55.13,0.62,0.62,0.79,25.63
20762,163.7,155.38,0.64,1.51,1.23,11.19
20765,70.08,57.51,1.02,2.68,1.64,44.68
20768,56.65,57.95,0.31,0.21,0.46,14.65
20771,60.23,62.72,0.83,1.11,1.05,38.56
20772,224.27,225.0,1.29,5.77,2.4,20.68
20773,65.92,59.08,0.95,2.03,1.42,39.97
20774,184.72,180.36,0.93,3.05,1.75,11.89
20775,68.41,76.25,0.92,1.52,1.23,37.49
20777,70.22,69.66,0.56,0.44,0.66,19.35
20781,60.57,44.25,0.96,1.67,1.29,38.93
20783,84.96,77.8,0.59,0.64,0.8,16.6
20785,186.01,175.58,1.56,9.87,3.14,19.86
20786,49.65,47.74,1.1,1.73,1.32,527.68
20788,45.8,49.8,0.94,1.3,1.14,105.58
20789,53.92,50.25,0.52,0.75,0.86,21.35
20793,56.87,47.53,0.53,0.47,0.69,20.48
20795,151.35,143.56,0.85,1.87,1.37,15.42
20800,55.08,43.46,0.91,2.27,1.51,41.53
20801,51.52,48.49,0.37,0.31,0.56,15.68
20802,46.23,49.46,0.75,0.96,0.98,566.04
20803,42.38,45.17,0.64,0.62,0.79,96.48
20807,50.46,46.23,0.32,0.21,0.46,14.44
20809,62.11,60.36,0.83,1.01,1.0,40.53
20810,50.87,47.65,0.67,0.72,0.85,99.21
20811,86.64,82.14,0.73,0.88,0.94,21.12
20812,51.61,40.01,0.54,0.82,0.91,20.53
20815,179.14,172.47,0.44,0.37,0.61,5.82
20817,158.7,138.49,1.69,4.99,2.23,36.75
20818,55.01,64.25,0.73,0.91,0.95,41.75
20820,47.33,44.48,0.59,0.69,0.83,34.0
20822,144.8,134.87,0.92,3.09,1.76,31.78
20823,41.28,42.22,0.42,0.29,0.54,133.48
20824,52.81,54.85,1.15,2.43,1.56,511.05
20826,43.52,45.39,0.44,0.32,0.56,28.85
20827,166.43,163.37,1.35,6.43,2.54,22.05
20828,53.96,38.49,1.17,3.88,1.97,248.25
20830,40.47,43.78,0.59,0.58,0.76,61.67
20831,48.57,42.47,0.47,0.37,0.61,21.76
20832,66.85,61.96,0.69,0.71,0.84,57.92
20835,145.9,128.63,1.52,4.0,2.0,45.17
20838,48.28,47.52,0.48,0.41,0.64,27.02
20840,50.18,48.79,0.45,0.31,0.56,27.13
20843,48.99,35.39,1.0,1.83,1.35,650.2
20845,154.4,146.82,1.72,10.0,3.16,54.9
20846,48.39,38.31,0.56,0.44,0.66,28.54
20847,47.7,36.56,0.57,0.46,0.68,26.2
20849,45.78,46.21,0.57,0.5,0.71,54.78
20852,42.29,35.56,0.63,0.73,0.85,49.47
20853,75.47,69.63,0.6,0.63,0.8,19.75
20855,53.29,48.9,0.53,0.5,0.7,24.07
20859,69.37,70.15,0.48,0.56,0.75,20.08
20862,43.37,43.0,0.32,0.16,0.4,19.19
20863,41.4,33.29,0.47,0.37,0.61,27.8
20864,37.43,40.22,0.41,0.28,0.53,30.54
20865,39.25,41.26,0.4,0.26,0.51,28.11
20870,34.95,38.89,0.48,0.41,0.64,55.01
20877,46.69,48.77,0.46,0.29,0.54,26.82
20878,37.68,39.61,0.53,0.52,0.72,142.78
20879,39.81,40.64,0.49,0.49,0.7,68.26
20882,35.76,38.45,0.3,0.16,0.4,21.98
20883,31.52,38.57,0.42,0.22,0.47,37.56
20885,37.38,39.5,0.41,0.29,0.54,70.67
20886,84.54,86.85,0.87,4.84,2.2,59.25
20892,34.31,37.76,0.41,0.31,0.56,92.1
20894,37.55,38.64,0.63,0.58,0.76,98.83
20899,72.54,74.99,0.3,0.27,0.52,11.47
20901,30.82,38.01,0.41,0.27,0.52,50.09
20902,64.74,61.1,0.52,0.52,0.72,20.54
20904,127.01,123.09,0.57,1.01,1.01,11.01
20906,26.45,35.9,0.48,0.28,0.53,49.52
20907,111.7,97.65,1.22,2.94,1.71,94.3
20908,57.61,54.01,0.27,0.14,0.38,11.18
20910,116.63,114.78,0.4,0.63,0.79,9.03
20912,112.22,111.5,0.4,0.56,0.75,8.71
20913,29.03,33.95,0.32,0.19,0.43,31.63
20914,36.08,37.28,0.59,0.63,0.79,42.87
20917,63.29,57.19,0.59,0.88,0.94,23.92
20919,26.0,34.34,0.43,0.28,0.53,269.88
20920,87.9,89.78,0.29,0.31,0.56,8.51
20922,23.43,33.22,0.49,0.31,0.56,74.23
20924,74.42,75.77,0.53,0.81,0.9,24.94
20925,29.87,28.05,0.66,0.98,0.99,204.92
20927,89.64,90.22,0.41,0.59,0.77,16.19
20928,110.1,109.15,0.86,3.08,1.76,35.15
20931,26.96,33.41,0.42,0.25,0.5,58.48
20932,62.35,65.21,0.41,0.38,0.62,17.37
20933,85.78,87.26,0.22,0.15,0.39,6.26
20936,30.79,28.2,0.86,1.93,1.39,188.45
20937,27.31,33.26,0.34,0.15,0.39,35.27
20941,23.76,32.03,0.45,0.23,0.48,55.88
20942,56.34,59.21,0.33,0.29,0.54,15.57
20945,27.89,33.0,0.52,0.37,0.61,413.65
20946,76.11,78.04,0.42,0.55,0.74,15.69
20947,25.93,26.81,0.23,0.09,0.31,23.51
20948,26.74,27.06,0.24,0.1,0.32,24.14
20949,26.84,32.51,0.36,0.2,0.45,60.43
20951,25.22,31.76,0.55,0.41,0.64,747.97
20953,95.95,97.02,0.88,5.38,2.32,73.47
20956,18.23,30.45,0.52,0.33,0.58,88.81
20957,25.06,31.1,0.36,0.19,0.43,41.03
20961,23.55,31.25,0.36,0.15,0.39,40.08
20962,93.98,84.05,0.61,0.63,0.79,16.15
20965,22.28,31.54,0.47,0.31,0.56,126.91
20966,33.77,35.99,0.21,0.08,0.28,16.41
20967,41.73,38.62,0.33,0.2,0.45,20.71
20968,71.24,74.43,0.22,0.13,0.36,8.4
20970,22.65,25.44,0.22,0.08,0.28,33.3
20975,86.02,77.02,0.58,0.58,0.76,17.05
20976,19.63,28.91,0.42,0.19,0.43,57.09
20982,22.81,31.12,0.61,0.47,0.69,132.64
20985,17.11,28.29,0.47,0.28,0.52,86.6
20986,21.46,29.12,0.34,0.16,0.4,46.0
20987,64.05,56.58,1.04,2.55,1.6,202.02
20990,29.28,27.25,0.24,0.11,0.33,22.5
20991,19.22,25.05,0.58,0.62,0.78,130.22
20994,16.04,27.8,0.52,0.32,0.57,117.44
20995,80.77,72.31,0.53,0.5,0.7,16.96
20996,22.57,22.12,0.21,0.08,0.28,30.21
20997,40.19,38.06,0.41,0.54,0.74,28.75
21001,21.4,19.89,0.19,0.05,0.23,22.02
21003,22.15,22.26,0.21,0.07,0.26,24.46
21006,57.5,61.82,0.35,0.3,0.55,20.58
21007,51.13,53.28,0.33,0.34,0.59,65.87
21008,16.47,26.89,0.43,0.22,0.47,79.84
21014,19.58,28.17,0.37,0.2,0.44,183.12
21016,17.55,22.85,0.29,0.14,0.37,48.36
21022,30.04,28.16,0.32,0.25,0.5,152.28
21024,18.3,23.11,0.22,0.07,0.27,35.54
21027,19.7,14.94,0.37,0.24,0.49,46.7
21028,14.97,25.85,0.45,0.23,0.48,89.78
21032,15.93,22.12,0.28,0.1,0.31,57.29
21033,39.43,42.43,0.27,0.17,0.41,17.7
21034,30.08,28.13,0.51,0.58,0.76,48.75
21035,45.56,48.3,0.19,0.07,0.26,11.06
21037,20.45,18.99,0.18,0.06,0.25,22.29
21038,15.75,22.25,0.34,0.16,0.4,123.84
21039,47.57,50.76,0.23,0.12,0.35,11.76
21040,28.39,26.2,0.52,0.79,0.89,47.37
21042,42.76,45.55,0.34,0.41,0.64,19.44
21044,44.61,47.35,0.34,0.39,0.62,17.99
21048,11.4,25.13,0.57,0.35,0.59,170.05
21049,11.47,25.02,0.57,0.39,0.62,940.2
21055,11.9,24.43,0.52,0.3,0.55,854.93
21056,26.75,24.92,0.28,0.17,0.41,161.64
21057,13.3,24.32,0.5,0.3,0.54,493.3
21058,39.45,42.0,0.16,0.06,0.24,11.32
21064,51.78,45.77,0.72,1.83,1.35,51.21
21065,21.14,19.98,0.38,0.3,0.55,51.27
21073,31.9,34.79,0.23,0.1,0.31,20.94
21074,34.21,36.81,0.4,0.45,0.67,2446.48
21077,7.37,22.12,0.61,0.41,0.64,376.14
21079,45.59,49.57,0.27,0.18,0.42,19.27
21080,10.99,23.99,0.54,0.31,0.56,138.97
21084,17.97,16.33,0.24,0.11,0.33,231.47
21086,35.91,39.68,0.3,0.19,0.44,24.59
21087,21.78,23.86,0.14,0.04,0.2,20.62
21088,11.1,20.22,0.38,0.17,0.41,121.39
21092,24.97,27.25,0.17,0.06,0.24,19.36
21093,26.58,28.79,0.5,0.94,0.97,66.92
21097,33.09,35.64,0.14,0.03,0.18,11.43
21099,36.37,32.33,0.53,0.83,0.91,68.2
21105,22.73,25.92,0.24,0.09,0.29,30.85
21109,29.36,31.99,0.17,0.05,0.23,14.69
21110,33.39,35.89,0.14,0.03,0.19,11.35
21111,30.24,32.42,0.17,0.08,0.28,28.07
21112,25.92,28.7,0.14,0.04,0.19,15.91
21114,30.73,32.64,0.18,0.1,0.31,43.85
21118,10.39,10.72,0.09,0.01,0.11,22.38
21119,27.77,29.83,0.18,0.08,0.28,34.69
21126,10.91,10.05,0.09,0.02,0.14,20.87
21129,22.27,24.58,0.14,0.03,0.17,16.45
21131,6.75,18.57,0.49,0.25,0.5,208.79
21135,16.49,19.18,0.17,0.05,0.23,34.88
21140,19.94,22.24,0.16,0.04,0.21,21.94
21142,11.28,10.93,0.19,0.14,0.37,52.2
21144,28.31,25.67,0.23,0.13,0.36,22.5
21146,28.71,26.04,0.19,0.07,0.26,19.4
21153,14.15,16.51,0.16,0.04,0.2,35.31
21154,28.71,26.14,0.24,0.15,0.39,45.71
21155,8.08,8.91,0.11,0.02,0.13,35.81
21157,9.0,9.34,0.15,0.04,0.21,46.93
21159,12.32,14.81,0.16,0.03,0.19,43.64
21163,16.51,19.1,0.17,0.06,0.24,42.03
21164,10.34,10.19,0.15,0.04,0.2,41.07
21167,5.35,6.79,0.08,0.01,0.09,59.63
21168,11.73,14.16,0.16,0.04,0.19,47.13
21170,4.77,19.87,0.63,0.4,0.64,462.68
21171,13.31,15.62,0.16,0.05,0.22,32.78
21176,8.9,8.78,0.09,0.02,0.15,26.45
21179,12.69,14.82,0.18,0.06,0.23,267.3
21180,3.92,6.36,0.12,0.02,0.13,126.37
21182,3.67,18.4,0.61,0.44,0.67,7026.31
21184,6.17,7.52,0.07,0.01,0.08,44.78
21190,3.88,19.5,0.65,0.43,0.65,989.57
21191,5.42,5.89,0.12,0.05,0.22,62.35
21192,1.85,18.25,0.68,0.47,0.69,2012.77
21194,4.69,5.93,0.07,0.01,0.08,48.77
21196,10.83,13.09,0.13,0.02,0.16,36.07
21200,3.35,19.26,0.66,0.44,0.67,4387.5
21201,6.1,6.32,0.09,0.02,0.13,526.62
21202,3.16,18.85,0.65,0.43,0.66,1144.15
21207,4.33,5.47,0.07,0.01,0.09,272.77
21209,4.77,5.36,0.12,0.05,0.22,90.68
21212,3.87,5.54,0.08,0.01,0.09,268.93
21214,9.87,12.04,0.12,0.02,0.15,32.77
21218,1.94,18.03,0.67,0.45,0.67,1435.71
21222,1.63,17.84,0.68,0.46,0.68,1270.58
21224,2.16,18.49,0.68,0.47,0.68,897.06
21226,4.58,5.23,0.1,0.03,0.18,63.99
21227,8.16,10.44,0.13,0.02,0.15,48.82
21233,3.92,4.7,0.14,0.06,0.25,221.25
21244,2.23,3.35,0.09,0.01,0.12,238.07
21245,3.22,4.13,0.13,0.07,0.26,231.28
21246,2.16,3.28,0.09,0.01,0.12,228.08
21248,1.97,3.13,0.09,0.01,0.11,270.93
21252,4.27,6.76,0.12,0.02,0.14,124.02
21256,2.01,3.16,0.1,0.02,0.12,358.12
21259,2.13,3.27,0.1,0.02,0.12,292.02
21262,2.01,3.16,0.09,0.01,0.11,265.6
21263,2.14,3.28,0.1,0.02,0.12,259.25
21265,2.15,4.65,0.12,0.02,0.13,264.84
21266,2.27,4.77,0.12,0.02,0.13,233.48
21267,2.23,4.79,0.11,0.01,0.12,208.73
21276,1.09,3.67,0.11,0.01,0.11,644.25
