file_name;future_predicion;seed;seq_length;epochs;batch_size;learning_rate;patience;verbose;standard_scaler;validation_avg_mae;validation_avg_rmse;validation_avg_mape;validation_avg_tfe;future_predictions_mae_nov_dec_2019;future_predictions_rmse_nov_dec_2019;future_predictions_mape_nov_dec_2019;future_predictions_tfe_nov_dec_2019
20240712-1735-LSTM_v8v4_feb_tfe2_0.3721.csv.metrics.json;FALSO;52;3;150;1;0,0001;10;0;1;4,464096604;8,689453983;222,5606585;0,372090044;4,464096604;9,780431076;222,5606585;0,322513154
20240712-1814-LSTM_v8v4_feb_tfe2_0.4484.csv.metrics.json;FALSO;52;6;150;1;0,0001;10;0;1;4,515514802;9,49439119;243,0262433;0,448403738;4,515514802;10,38586151;243,0262433;0,328573809
20240712-1943-LSTM_v8v4_feb_tfe2_0.436.csv.metrics.json;FALSO;52;3;150;16;0,0001;10;0;1;5,110143178;11,19867608;259,0417547;0,436002648;5,110143178;13,43171955;259,0417547;0,368161167
20240712-1948-LSTM_v8v4_feb_tfe2_0.4551.csv.metrics.json;FALSO;52;6;150;16;0,0001;10;0;1;4,272023467;8,670827283;312,2948644;0,455078405;4,272023467;9,430504617;312,2948644;0,310714361
20240712-1954-LSTM_v8v4_feb_tfe2_0.39.csv.metrics.json;FALSO;52;12;150;16;0,0001;10;0;1;4,560125923;10,93613023;159,4710011;0,389974522;4,560125923;13,01285645;159,4710011;0,337258392
20240712-1957-LSTM_v8v4_feb_tfe2_0.7451.csv.metrics.json;FALSO;52;3;150;16;0,001;10;0;1;9,038129524;16,62314528;470,0044416;0,745141646;9,038129524;20,9064535;470,0044416;0,65022452
20240712-2009-LSTM_v8v4_feb_tfe2_0.4822.csv.metrics.json;FALSO;52;3;150;32;0,0001;10;0;1;5,985156426;12,16783272;370,6086245;0,482233709;5,985156426;14,58394986;370,6086245;0,430770485
20240712-2013-LSTM_v8v4_feb_tfe2_0.466.csv.metrics.json;FALSO;52;6;150;32;0,0001;10;0;1;4,460408022;9,45169193;315,9746949;0,466032547;4,460408022;10,50936882;315,9746949;0,325045459
20240712-2017-LSTM_v8v4_feb_tfe2_0.3616.csv.metrics.json;FALSO;52;12;150;32;0,0001;10;0;1;4,34656721;10,0545001;136,9061604;0,361641963;4,34656721;11,64992778;136,9061604;0,320693991
20240712-2019-LSTM_v8v4_feb_tfe2_0.4202.csv.metrics.json;FALSO;52;3;150;32;0,001;10;0;1;4,918427631;9,376002357;523,5569146;0,420191801;4,918427631;10,42921078;523,5569146;0,355171937
20240712-2038-LSTM_v8v4_feb_tfe2_0.4822.csv.metrics.json;FALSO;52;3;150;32;0,0001;10;0;1;5,985156426;12,16783272;370,6086245;0,482233709;5,985156426;14,58394986;370,6086245;0,430770485
20240712-2041-LSTM_v8v4_feb_tfe2_0.466.csv.metrics.json;FALSO;52;6;150;32;0,0001;10;0;1;4,460408022;9,45169193;315,9746949;0,466032547;4,460408022;10,50936882;315,9746949;0,325045459
20240712-2045-LSTM_v8v4_feb_tfe2_0.3616.csv.metrics.json;FALSO;52;12;150;32;0,0001;10;0;1;4,34656721;10,0545001;136,9061604;0,361641963;4,34656721;11,64992778;136,9061604;0,320693991
20240712-2048-LSTM_v8v4_feb_tfe2_0.4202.csv.metrics.json;FALSO;52;3;150;32;0,001;10;0;1;4,918427631;9,376002357;523,5569146;0,420191801;4,918427631;10,42921078;523,5569146;0,355171937
20240712-2104-LSTM_v8v4_feb_tfe2_0.4822.csv.metrics.json;FALSO;52;3;150;32;0,0001;10;0;1;5,985156426;12,16783272;370,6086245;0,482233709;5,985156426;14,58394986;370,6086245;0,430770485
20240712-2107-LSTM_v8v4_feb_tfe2_0.466.csv.metrics.json;FALSO;52;6;150;32;0,0001;10;0;1;4,460408022;9,45169193;315,9746949;0,466032547;4,460408022;10,50936882;315,9746949;0,325045459
20240712-2111-LSTM_v8v4_feb_tfe2_0.3616.csv.metrics.json;FALSO;52;12;150;32;0,0001;10;0;1;4,34656721;10,0545001;136,9061604;0,361641963;4,34656721;11,64992778;136,9061604;0,320693991
20240712-2113-LSTM_v8v4_feb_tfe2_1.042.csv.metrics.json;FALSO;52;3;150;64;0,0001;10;0;1;9,982766975;20,3565579;1348,112236;1,0420479;9,982766975;26,18791768;1348,112236;0,718966218
20240712-2116-LSTM_v8v4_feb_tfe2_0.4616.csv.metrics.json;FALSO;52;6;150;64;0,0001;10;0;1;4,555357253;9,42671177;305,0426628;0,461633088;4,555357253;10,39459944;305,0426628;0,331007173
20240712-2118-LSTM_v8v4_feb_tfe2_0.3833.csv.metrics.json;FALSO;52;12;150;64;0,0001;10;0;1;4,465555424;10,29817783;169,7629338;0,383258834;4,465555424;11,90895539;169,7629338;0,329929742
20240712-2121-LSTM_v8v4_feb_tfe2_0.4211.csv.metrics.json;FALSO;52;3;100;32;0,0001;10;0;1;4,79903941;10,78841064;257,3548089;0,421096557;4,79903941;12,67882812;257,3548089;0,34486019
20240712-2124-LSTM_v8v4_feb_tfe2_0.4513.csv.metrics.json;FALSO;52;6;100;32;0,0001;10;0;1;4,227381351;8,657799009;311,5075903;0,451251544;4,227381351;9,501561815;311,5075903;0,307591462
20240712-2130-LSTM_v8v4_feb_tfe2_0.3959.csv.metrics.json;FALSO;52;12;100;32;0,0001;10;0;1;4,514967818;10,08233178;150,8963919;0,395905123;4,514967818;11,48458181;150,8963919;0,334093317
20240712-2131-LSTM_v8v4_feb_tfe2_0.4558.csv.metrics.json;FALSO;52;3;100;64;0,0001;10;0;1;5,413915727;11,57833797;261,9705162;0,455811667;5,413915727;13,84875632;261,9705162;0,389342275
20240712-2134-LSTM_v8v4_feb_tfe2_0.4577.csv.metrics.json;FALSO;52;6;100;64;0,0001;10;0;1;4,603359988;9,996729983;303,6992288;0,457743117;4,603359988;11,12825822;303,6992288;0,33508336
20240712-2137-LSTM_v8v4_feb_tfe2_0.4193.csv.metrics.json;FALSO;52;12;100;64;0,0001;10;0;1;4,73532819;10,9427508;165,2886237;0,419308325;4,73532819;12,7558238;165,2886237;0,349499024
20240712-2140-LSTM_v8v4_feb_tfe2_0.3911.csv.metrics.json;FALSO;52;3;50;32;0,0001;10;0;1;4,403841482;8,635312323;284,3856429;0,39113516;4,403841482;9,665794658;284,3856429;0,316568903
20240712-2143-LSTM_v8v4_feb_tfe2_0.4463.csv.metrics.json;FALSO;52;6;50;32;0,0001;10;0;1;4,327755667;9,153737971;306,2402707;0,446278963;4,327755667;10,15219408;306,2402707;0,315121107
20240712-2148-LSTM_v8v4_feb_tfe2_0.3934.csv.metrics.json;FALSO;52;12;50;32;0,0001;10;0;1;4,652025504;10,60952931;151,219002;0,393430528;4,652025504;12,25669329;151,219002;0,344148129
20240712-2149-LSTM_v8v4_feb_tfe2_1.2095.csv.metrics.json;FALSO;52;3;50;64;0,0001;10;0;1;10,96474212;23,44531908;1400,467122;1,209455076;10,96474212;29,76412921;1400,467122;0,78933707
20240712-2152-LSTM_v8v4_feb_tfe2_0.4664.csv.metrics.json;FALSO;52;6;50;64;0,0001;10;0;1;4,527770104;9,484707438;322,3096983;0,466369645;4,527770104;10,46089064;322,3096983;0,329856016
20240712-2155-LSTM_v8v4_feb_tfe2_0.3938.csv.metrics.json;FALSO;52;12;50;64;0,0001;10;0;1;4,515583552;10,22002828;162,1038427;0,393775163;4,515583552;11,69256718;162,1038427;0,334721256
20240712-2157-LSTM_v8v4_feb_tfe2_0.3751.csv.metrics.json;FALSO;52;3;20;32;0,0001;10;0;1;4,227263118;8,574225905;249,0747522;0,375074496;4,227263118;9,592579861;249,0747522;0,304072461
20240712-2200-LSTM_v8v4_feb_tfe2_0.4456.csv.metrics.json;FALSO;52;6;20;32;0,0001;10;0;1;4,406953797;9,514904622;297,7580122;0,445630598;4,406953797;10,66243532;297,7580122;0,320783283
20240712-2204-LSTM_v8v4_feb_tfe2_0.395.csv.metrics.json;FALSO;52;12;20;32;0,0001;10;0;1;4,387869022;9,670827662;150,7558741;0,395032408;4,387869022;10,86907843;150,7558741;0,324512029
20240712-2205-LSTM_v8v4_feb_tfe2_0.9794.csv.metrics.json;FALSO;52;3;20;64;0,0001;10;0;1;9,387617064;14,10288198;1028,530156;0,979405343;9,387617064;16,20950278;1028,530156;0,67637187
20240712-2207-LSTM_v8v4_feb_tfe2_0.4725.csv.metrics.json;FALSO;52;6;20;64;0,0001;10;0;1;4,557100485;9,474332417;326,9481142;0,472450755;4,557100485;10,42108363;326,9481142;0,330648199
20240712-2210-LSTM_v8v4_feb_tfe2_0.4115.csv.metrics.json;FALSO;52;12;20;64;0,0001;10;0;1;4,656690526;10,91878586;154,4597604;0,411470193;4,656690526;12,72368083;154,4597604;0,346426897
20240712-2213-LSTM_v8v4_feb_tfe2_0.2795.csv.metrics.json;FALSO;52;3;150;32;0,0001;10;0;0;3,571090154;8,803146661;111,9623554;0,279528326;3,571090154;10,04818951;111,9623554;0,257089326
20240712-2217-LSTM_v8v4_feb_tfe2_0.2745.csv.metrics.json;FALSO;52;6;150;32;0,0001;10;0;0;3,436329183;8,051677022;113,8478774;0,274465845;3,436329183;9,199100352;113,8478774;0,250997628
20240712-2223-LSTM_v8v4_feb_tfe2_0.2793.csv.metrics.json;FALSO;52;12;150;32;0,0001;10;0;0;3,49116545;9,121925256;101,2204032;0,279318472;3,49116545;10,67711068;101,2204032;0,256834954
20240712-2225-LSTM_v8v4_feb_tfe2_0.2927.csv.metrics.json;FALSO;52;3;150;64;0,0001;10;0;0;3,884175837;9,472872244;109,9445366;0,292695223;3,884175837;10,82194653;109,9445366;0,280752531
20240712-2229-LSTM_v8v4_feb_tfe2_0.2766.csv.metrics.json;FALSO;52;6;150;64;0,0001;10;0;0;3,428465606;8,130451374;116,803407;0,276604861;3,428465606;9,168790852;116,803407;0,24989775
20240712-2232-LSTM_v8v4_feb_tfe2_0.2904.csv.metrics.json;FALSO;52;12;150;64;0,0001;10;0;0;3,679448551;8,714957463;103,4987333;0,290412639;3,679448551;9,946835806;103,4987333;0,271051379
20240712-2235-LSTM_v8v4_feb_tfe2_0.2745.csv.metrics.json;FALSO;52;3;100;32;0,0001;10;0;0;3,472329685;8,404923641;111,051945;0,274498794;3,472329685;9,547825382;111,051945;0,250562323
20240712-2240-LSTM_v8v4_feb_tfe2_0.2723.csv.metrics.json;FALSO;52;6;100;32;0,0001;10;0;0;3,351406221;8,133114658;111,7826048;0,272315849;3,351406221;9,231542871;111,7826048;0,244245382
20240712-2246-LSTM_v8v4_feb_tfe2_0.285.csv.metrics.json;FALSO;52;12;100;32;0,0001;10;0;0;3,554206848;9,078992173;107,9924988;0,284952862;3,554206848;10,63698182;107,9924988;0,262845232
20240712-2248-LSTM_v8v4_feb_tfe2_0.2807.csv.metrics.json;FALSO;52;3;100;64;0,0001;10;0;0;3,664972761;8,629823454;108,9423985;0,280692655;3,664972761;9,778988655;108,9423985;0,26424831
20240712-2251-LSTM_v8v4_feb_tfe2_0.274.csv.metrics.json;FALSO;52;6;100;64;0,0001;10;0;0;3,383252107;8,048728921;116,9423632;0,273978782;3,383252107;9,089095492;116,9423632;0,246385168
20240712-2254-LSTM_v8v4_feb_tfe2_0.2998.csv.metrics.json;FALSO;52;12;100;64;0,0001;10;0;0;3,870971629;9,4382314;95,36966095;0,299828721;3,870971629;10,88842622;95,36966095;0,284556397
20240712-2257-LSTM_v8v4_feb_tfe2_0.2659.csv.metrics.json;FALSO;52;3;50;32;0,0001;10;0;0;3,317300455;7,878135131;113,0663669;0,265857493;3,317300455;8,878550316;113,0663669;0,238597355
20240712-2301-LSTM_v8v4_feb_tfe2_0.2869.csv.metrics.json;FALSO;52;6;50;32;0,0001;10;0;0;3,646562268;8,731004529;121,2727022;0,286861296;3,646562268;10,04731821;121,2727022;0,266118176
20240712-2307-LSTM_v8v4_feb_tfe2_0.2761.csv.metrics.json;FALSO;52;12;50;32;0,0001;10;0;0;3,376822883;8,527745606;101,4157324;0,276142301;3,376822883;9,841164196;101,4157324;0,248190589
20240712-2308-LSTM_v8v4_feb_tfe2_0.2991.csv.metrics.json;FALSO;52;3;50;64;0,0001;10;0;0;4,040948264;9,198695558;123,3814779;0,299139192;4,040948264;10,4660851;123,3814779;0,291409827
20240712-2311-LSTM_v8v4_feb_tfe2_0.3171.csv.metrics.json;FALSO;52;6;50;64;0,0001;10;0;0;4,320285052;8,954229784;132,2936431;0,317134591;4,320285052;10,14430648;132,2936431;0,314369228
20240712-2315-LSTM_v8v4_feb_tfe2_0.3113.csv.metrics.json;FALSO;52;12;50;64;0,0001;10;0;0;4,077088111;9,828610676;108,1363017;0,311282739;4,077088111;11,34954337;108,1363017;0,299753501
20240712-2317-LSTM_v8v4_feb_tfe2_0.2691.csv.metrics.json;FALSO;52;3;20;32;0,0001;10;0;0;3,367390218;7,786031571;142,2717167;0,269082564;3,367390218;8,758124915;142,2717167;0,243562081
20240712-2320-LSTM_v8v4_feb_tfe2_0.2829.csv.metrics.json;FALSO;52;6;20;32;0,0001;10;0;0;3,559790303;8,442991308;119,7250444;0,282940436;3,559790303;9,602975012;119,7250444;0,259926049
20240712-2323-LSTM_v8v4_feb_tfe2_0.2807.csv.metrics.json;FALSO;52;12;20;32;0,0001;10;0;0;3,523509652;8,900396168;104,2722752;0,28066688;3,523509652;10,37422871;104,2722752;0,259482352
20240712-2325-LSTM_v8v4_feb_tfe2_0.2844.csv.metrics.json;FALSO;52;3;20;64;0,0001;10;0;0;3,6930848;9,16097587;115,6254016;0,284401833;3,6930848;10,51597308;115,6254016;0,266537334
20240712-2327-LSTM_v8v4_feb_tfe2_0.2952.csv.metrics.json;FALSO;52;6;20;64;0,0001;10;0;0;3,77219592;8,320988902;123,8491774;0,295212763;3,77219592;9,399422549;123,8491774;0,276041205
20240712-2330-LSTM_v8v4_feb_tfe2_0.3151.csv.metrics.json;FALSO;52;12;20;64;0,0001;10;0;0;4,152840597;9,666121395;114,6902701;0,315053852;4,152840597;11,22383519;114,6902701;0,304884583
20240713-1333-LSTM_v8v4_feb_tfe2_0.5415.csv.metrics.json;FALSO;14;3;50;32;0,0001;10;0;1;6,349970955;13,19085875;299,8395098;0,541486838;6,349970955;15,99967532;299,8395098;0,4560165
20240713-1336-LSTM_v8v4_feb_tfe2_0.4516.csv.metrics.json;FALSO;14;6;50;32;0,0001;10;0;1;4,480531071;9,442519786;307,1754374;0,451586611;4,480531071;10,40494213;307,1754374;0,325480059
20240713-1338-LSTM_v8v4_feb_tfe2_0.4416.csv.metrics.json;FALSO;14;3;50;64;0,0001;10;0;1;5,322824016;10,99518311;250,3719653;0,441551654;5,322824016;12,78792487;250,3719653;0,38230677
20240713-1341-LSTM_v8v4_feb_tfe2_0.472.csv.metrics.json;FALSO;14;6;50;64;0,0001;10;0;1;4,559136395;9,515516259;328,4900628;0,471994725;4,559136395;10,53389743;328,4900628;0,330972641
20240713-1343-LSTM_v8v4_feb_tfe2_0.62.csv.metrics.json;FALSO;14;3;20;32;0,0001;10;0;1;6,242508014;12,21145499;252,2451307;0,620031059;6,242508014;13,31468785;252,2451307;0,448547411
20240713-1346-LSTM_v8v4_feb_tfe2_0.4592.csv.metrics.json;FALSO;14;6;20;32;0,0001;10;0;1;4,31935697;9,071871131;313,6216789;0,459177809;4,31935697;10,00244754;313,6216789;0,313601739
20240713-1348-LSTM_v8v4_feb_tfe2_0.5395.csv.metrics.json;FALSO;14;3;20;64;0,0001;10;0;1;6,329704036;12,55439551;321,6123927;0,539508613;6,329704036;14,74437897;321,6123927;0,455267692
20240713-1350-LSTM_v8v4_feb_tfe2_0.4757.csv.metrics.json;FALSO;14;6;20;64;0,0001;10;0;1;4,563735399;9,607466946;327,2858778;0,475695793;4,563735399;10,60952131;327,2858778;0,331970426
20240713-1352-LSTM_v8v4_feb_tfe2_0.268.csv.metrics.json;FALSO;14;3;50;32;0,0001;10;0;0;3,391134392;7,88950877;118,3332776;0,268043988;3,391134392;8,891878644;118,3332776;0,244493068
20240713-1356-LSTM_v8v4_feb_tfe2_0.2846.csv.metrics.json;FALSO;14;6;50;32;0,0001;10;0;0;3,551957815;8,4611519;123,4249584;0,28462287;3,551957815;9,613258057;123,4249584;0,258159776
20240713-1358-LSTM_v8v4_feb_tfe2_0.3001.csv.metrics.json;FALSO;14;3;50;64;0,0001;10;0;0;4,131204955;9,307913656;112,5369634;0,30005718;4,131204955;10,60475696;112,5369634;0,297269541
20240713-1401-LSTM_v8v4_feb_tfe2_0.2907.csv.metrics.json;FALSO;14;6;50;64;0,0001;10;0;0;3,585105013;8,285810231;116,2234508;0,290658505;3,585105013;9,289233332;116,2234508;0,261127376
20240713-1403-LSTM_v8v4_feb_tfe2_0.2721.csv.metrics.json;FALSO;14;3;20;32;0,0001;10;0;0;3,46430595;8,138912045;112,5947949;0,272149426;3,46430595;9,212143174;112,5947949;0,250961166
20240713-1406-LSTM_v8v4_feb_tfe2_0.2882.csv.metrics.json;FALSO;14;6;20;32;0,0001;10;0;0;3,600493348;8,215071597;124,2351259;0,288160886;3,600493348;9,386812263;124,2351259;0,262554203
20240713-1407-LSTM_v8v4_feb_tfe2_0.3146.csv.metrics.json;FALSO;14;3;20;64;0,0001;10;0;0;4,384586767;9,554974895;129,9866008;0,314625351;4,384586767;10,90824589;129,9866008;0,316178169
20240713-1410-LSTM_v8v4_feb_tfe2_0.2966.csv.metrics.json;FALSO;14;6;20;64;0,0001;10;0;0;3,799093982;8,650924677;110,562958;0,296587732;3,799093982;9,802891972;110,562958;0,278408658
20240713-1622-LSTM_v8v4_feb_tfe2_0.4822.csv.metrics.json;FALSO;52;3;50;32;0,0001;10;0;1;5,985156426;12,16783272;370,6086245;0,482233709;5,985156426;14,58394986;370,6086245;0,430770485
20240713-1626-LSTM_v8v4_feb_tfe2_0.466.csv.metrics.json;FALSO;52;6;50;32;0,0001;10;0;1;4,460408022;9,45169193;315,9746949;0,466032547;4,460408022;10,50936882;315,9746949;0,325045459
20240713-1630-LSTM_v8v4_feb_tfe2_0.3616.csv.metrics.json;FALSO;52;12;50;32;0,0001;10;0;1;4,34656721;10,0545001;136,9061604;0,361641963;4,34656721;11,64992778;136,9061604;0,320693991
20240713-1631-LSTM_v8v4_feb_tfe2_1.042.csv.metrics.json;FALSO;52;3;50;64;0,0001;10;0;1;9,982766975;20,3565579;1348,112236;1,0420479;9,982766975;26,18791768;1348,112236;0,718966218
20240713-1634-LSTM_v8v4_feb_tfe2_0.4616.csv.metrics.json;FALSO;52;6;50;64;0,0001;10;0;1;4,555357253;9,42671177;305,0426628;0,461633088;4,555357253;10,39459944;305,0426628;0,331007173
20240713-1637-LSTM_v8v4_feb_tfe2_0.3833.csv.metrics.json;FALSO;52;12;50;64;0,0001;10;0;1;4,465555424;10,29817783;169,7629338;0,383258834;4,465555424;11,90895539;169,7629338;0,329929742
20240713-1640-LSTM_v8v4_feb_tfe2_0.5184.csv.metrics.json;FALSO;52;3;50;16;0,0001;10;0;1;6,396710987;13,19939146;463,5354387;0,518418361;6,396710987;16,10200596;463,5354387;0,460241103
20240713-1646-LSTM_v8v4_feb_tfe2_0.4106.csv.metrics.json;FALSO;52;6;50;16;0,0001;10;0;1;3,938192217;8,492489489;287,1591792;0,410572266;3,938192217;9,316732332;287,1591792;0,287411374
20240713-1652-LSTM_v8v4_feb_tfe2_0.4298.csv.metrics.json;FALSO;52;12;50;16;0,0001;10;0;1;4,671625868;9,863079356;171,364975;0,429826876;4,671625868;10,95913133;171,364975;0,346035279
20240713-1654-LSTM_v8v4_feb_tfe2_0.5104.csv.metrics.json;FALSO;52;3;20;32;0,0001;10;0;1;6,335262221;11,63353132;317,6516026;0,510446822;6,335262221;13,74151972;317,6516026;0,455138581
20240713-1657-LSTM_v8v4_feb_tfe2_0.4637.csv.metrics.json;FALSO;52;6;20;32;0,0001;10;0;1;4,47841367;9,76813401;316,8999176;0,463742677;4,47841367;10,98063347;316,8999176;0,325665052
20240713-1701-LSTM_v8v4_feb_tfe2_0.4073.csv.metrics.json;FALSO;52;12;20;32;0,0001;10;0;1;4,584419751;10,31331479;169,6581545;0,40731596;4,584419751;11,78205092;169,6581545;0,340377037
20240713-1702-LSTM_v8v4_feb_tfe2_0.3649.csv.metrics.json;FALSO;52;3;20;64;0,0001;10;0;1;4,058383294;8,192314161;250,2149062;0,364853865;4,058383294;9,1539349;250,2149062;0,291653521
20240713-1704-LSTM_v8v4_feb_tfe2_0.4765.csv.metrics.json;FALSO;52;6;20;64;0,0001;10;0;1;4,571883284;9,505744732;322,1265825;0,476469088;4,571883284;10,48819014;322,1265825;0,332569808
20240713-1707-LSTM_v8v4_feb_tfe2_0.4075.csv.metrics.json;FALSO;52;12;20;64;0,0001;10;0;1;4,742004424;10,53421507;182,1002228;0,407452339;4,742004424;12,04808852;182,1002228;0,350587162
20240713-1711-LSTM_v8v4_feb_tfe2_0.6149.csv.metrics.json;FALSO;52;3;20;16;0,0001;10;0;1;6,211283762;12,88848797;279,9973751;0,614870346;6,211283762;14,11497246;279,9973751;0,446112109
20240713-1715-LSTM_v8v4_feb_tfe2_0.4683.csv.metrics.json;FALSO;52;6;20;16;0,0001;10;0;1;4,291897573;8,735721619;335,3040864;0,468257517;4,291897573;9,530205275;335,3040864;0,313054705
20240713-1720-LSTM_v8v4_feb_tfe2_0.4016.csv.metrics.json;FALSO;52;12;20;16;0,0001;10;0;1;4,615570694;10,49337293;147,100575;0,401603205;4,615570694;12,13057772;147,100575;0,342809312
20240713-1723-LSTM_v8v4_feb_tfe2_0.6153.csv.metrics.json;FALSO;52;3;100;32;0,0001;10;0;1;8,156813119;14,14517926;512,3623517;0,615329455;8,156813119;17,62570217;512,3623517;0,587276485
20240713-1727-LSTM_v8v4_feb_tfe2_0.446.csv.metrics.json;FALSO;52;6;100;32;0,0001;10;0;1;4,413424973;9,534775579;298,0245339;0,445979602;4,413424973;10,6882793;298,0245339;0,321254322
20240713-1731-LSTM_v8v4_feb_tfe2_0.395.csv.metrics.json;FALSO;52;12;100;32;0,0001;10;0;1;4,387869022;9,670827662;150,7558741;0,395032408;4,387869022;10,86907843;150,7558741;0,324512029
20240713-1733-LSTM_v8v4_feb_tfe2_0.9668.csv.metrics.json;FALSO;52;3;100;64;0,0001;10;0;1;9,289058313;14,0351286;1023,225302;0,966790883;9,289058313;16,19125371;1023,225302;0,669270774
20240713-1735-LSTM_v8v4_feb_tfe2_0.4524.csv.metrics.json;FALSO;52;6;100;64;0,0001;10;0;1;4,467682607;9,403404967;316,7857348;0,452413198;4,467682607;10,37272153;316,7857348;0,324160332
20240713-1738-LSTM_v8v4_feb_tfe2_0.4082.csv.metrics.json;FALSO;52;12;100;64;0,0001;10;0;1;4,638226156;10,92607249;165,0149982;0,408188099;4,638226156;12,72264768;165,0149982;0,343181896
20240713-1742-LSTM_v8v4_feb_tfe2_0.4449.csv.metrics.json;FALSO;52;3;100;16;0,0001;10;0;1;4,920736017;10,93273181;281,331581;0,444864273;4,920736017;13,05022819;281,331581;0,353622509
20240713-1748-LSTM_v8v4_feb_tfe2_0.4509.csv.metrics.json;FALSO;52;6;100;16;0,0001;10;0;1;4,373118805;8,948067726;305,5844901;0,450869536;4,373118805;9,841059414;305,5844901;0,318597521
20240713-1754-LSTM_v8v4_feb_tfe2_0.4223.csv.metrics.json;FALSO;52;12;100;16;0,0001;10;0;1;4,727200309;10,30465209;184,1173642;0,422254574;4,727200309;11,7315689;184,1173642;0,350256399
20240713-1756-LSTM_v8v4_feb_tfe2_0.2749.csv.metrics.json;FALSO;52;3;50;32;0,0001;10;0;0;3,510485398;8,421436293;111,9442381;0,274870456;3,510485398;9,525934873;111,9442381;0,253073771
20240713-1759-LSTM_v8v4_feb_tfe2_0.2734.csv.metrics.json;FALSO;52;6;50;32;0,0001;10;0;0;3,359721686;8,065057302;120,6058051;0,273446497;3,359721686;9,103013336;120,6058051;0,245009103
20240713-1805-LSTM_v8v4_feb_tfe2_0.2746.csv.metrics.json;FALSO;52;12;50;32;0,0001;10;0;0;3,424978877;8,419117509;98,09474495;0,274576182;3,424978877;9,742223989;98,09474495;0,252482587
20240713-1807-LSTM_v8v4_feb_tfe2_0.2864.csv.metrics.json;FALSO;52;3;50;64;0,0001;10;0;0;3,696535914;9,068731657;116,9805248;0,286407785;3,696535914;10,40120929;116,9805248;0,267286514
20240713-1810-LSTM_v8v4_feb_tfe2_0.2845.csv.metrics.json;FALSO;52;6;50;64;0,0001;10;0;0;3,521152899;8,370970852;114,0259906;0,284531966;3,521152899;9,453942735;114,0259906;0,256695936
20240713-1814-LSTM_v8v4_feb_tfe2_0.288.csv.metrics.json;FALSO;52;12;50;64;0,0001;10;0;0;3,598415522;9,029495256;115,0428311;0,288017451;3,598415522;10,52949623;115,0428311;0,266045013
20240713-1820-LSTM_v8v4_feb_tfe2_0.2629.csv.metrics.json;FALSO;52;3;50;16;0,0001;10;0;0;3,295202325;7,827089361;101,4891503;0,262941326;3,295202325;8,825514617;101,4891503;0,23758271
20240713-1825-LSTM_v8v4_feb_tfe2_0.2683.csv.metrics.json;FALSO;52;6;50;16;0,0001;10;0;0;3,309560004;8,253737901;116,3859735;0,268287635;3,309560004;9,411056817;116,3859735;0,240593444
20240713-1834-LSTM_v8v4_feb_tfe2_0.2735.csv.metrics.json;FALSO;52;12;50;16;0,0001;10;0;0;3,366110544;8,09807949;94,0173986;0,273472575;3,366110544;9,407949365;94,0173986;0,248229958
20240713-1836-LSTM_v8v4_feb_tfe2_0.2698.csv.metrics.json;FALSO;52;3;20;32;0,0001;10;0;0;3,354298202;7,912903479;115,3743246;0,269835668;3,354298202;8,921426074;115,3743246;0,243240266
20240713-1839-LSTM_v8v4_feb_tfe2_0.2987.csv.metrics.json;FALSO;52;6;20;32;0,0001;10;0;0;3,824185844;9,090356575;118,8607581;0,298674371;3,824185844;10,54480588;118,8607581;0,279650191
20240713-1843-LSTM_v8v4_feb_tfe2_0.2813.csv.metrics.json;FALSO;52;12;20;32;0,0001;10;0;0;3,469257016;8,757760383;97,95861737;0,281258481;3,469257016;10,13734979;97,95861737;0,254984336
20240713-1844-LSTM_v8v4_feb_tfe2_0.3064.csv.metrics.json;FALSO;52;3;20;64;0,0001;10;0;0;4,14345969;9,639064244;123,5953058;0,306395964;4,14345969;11,07844756;123,5953058;0,300164896
20240713-1847-LSTM_v8v4_feb_tfe2_0.3207.csv.metrics.json;FALSO;52;6;20;64;0,0001;10;0;0;4,376240584;8,969408791;132,7594996;0,320654653;4,376240584;10,15683582;132,7594996;0,318243034
20240713-1849-LSTM_v8v4_feb_tfe2_0.3178.csv.metrics.json;FALSO;52;12;20;64;0,0001;10;0;0;4,177998321;9,929482625;109,5776839;0,317849014;4,177998321;11,50417062;109,5776839;0,307172568
20240713-1853-LSTM_v8v4_feb_tfe2_0.2852.csv.metrics.json;FALSO;52;3;20;16;0,0001;10;0;0;3,606132954;8,558846514;107,7559725;0,285187904;3,606132954;9,727446083;107,7559725;0,261612448
20240713-1857-LSTM_v8v4_feb_tfe2_0.2756.csv.metrics.json;FALSO;52;6;20;16;0,0001;10;0;0;3,423415704;8,116598329;120,8217;0,275603882;3,423415704;9,281866869;120,8217;0,248978598
20240713-1903-LSTM_v8v4_feb_tfe2_0.2743.csv.metrics.json;FALSO;52;12;20;16;0,0001;10;0;0;3,42142175;8,239565418;102,2266898;0,274345491;3,42142175;9,551363071;102,2266898;0,252558688
20240713-1907-LSTM_v8v4_feb_tfe2_0.2683.csv.metrics.json;FALSO;52;3;100;32;0,0001;10;0;0;3,390810588;8,128915625;117,3711139;0,268348551;3,390810588;9,177955698;117,3711139;0,244357691
20240713-1910-LSTM_v8v4_feb_tfe2_0.2781.csv.metrics.json;FALSO;52;6;100;32;0,0001;10;0;0;3,431186111;8,21283242;115,7039792;0,278123544;3,431186111;9,282261525;115,7039792;0,250768347
20240713-1916-LSTM_v8v4_feb_tfe2_0.282.csv.metrics.json;FALSO;52;12;100;32;0,0001;10;0;0;3,519415909;8,752295129;104,169065;0,282035891;3,519415909;10,13420651;104,169065;0,258171976
20240713-1918-LSTM_v8v4_feb_tfe2_0.2734.csv.metrics.json;FALSO;52;3;100;64;0,0001;10;0;0;3,491190665;8,094791819;117,0715818;0,273445578;3,491190665;9,138601911;117,0715818;0,2519991
20240713-1922-LSTM_v8v4_feb_tfe2_0.2811.csv.metrics.json;FALSO;52;6;100;64;0,0001;10;0;0;3,516299211;8,185155442;114,7311617;0,281066209;3,516299211;9,25189623;114,7311617;0,25716651
20240713-1925-LSTM_v8v4_feb_tfe2_0.3476.csv.metrics.json;FALSO;52;12;100;64;0,0001;10;0;0;4,927125885;10,15339026;109,8373779;0,34761801;4,927125885;11,81121841;109,8373779;0,362935697
20240713-1930-LSTM_v8v4_feb_tfe2_0.2689.csv.metrics.json;FALSO;52;3;100;16;0,0001;10;0;0;3,375165263;7,856539303;113,7963127;0,268894409;3,375165263;8,919617036;113,7963127;0,243503018
20240713-1936-LSTM_v8v4_feb_tfe2_0.2622.csv.metrics.json;FALSO;52;6;100;16;0,0001;10;0;0;3,226966215;7,737307414;113,6092885;0,262218459;3,226966215;8,800021961;113,6092885;0,234806995
20240713-1945-LSTM_v8v4_feb_tfe2_0.2736.csv.metrics.json;FALSO;52;12;100;16;0,0001;10;0;0;3,367730422;8,408286242;95,12147234;0,273602588;3,367730422;9,786876677;95,12147234;0,247482209
20240714-0723-LSTM_v8v4_feb_tfe2_0.2838.csv.metrics.json;VERDADERO;52;3;50;32;0,0001;10;0;0;3,614057288;9,549460864;112,7744327;0,283780807;3,614057288;11,20801047;112,7744327;0,260091553
20240714-0727-LSTM_v8v4_feb_tfe2_0.2719.csv.metrics.json;VERDADERO;52;6;50;32;0,0001;10;0;0;3,356001957;8,477226898;116,7555251;0,271924853;3,356001957;9,707132114;116,7555251;0,244482866
20240714-0732-LSTM_v8v4_feb_tfe2_0.2724.csv.metrics.json;VERDADERO;52;3;50;16;0,0001;10;0;0;3,450881405;8,619660346;107,1784639;0,27236222;3,450881405;9,869549419;107,1784639;0,248236795
20240714-0738-LSTM_v8v4_feb_tfe2_0.2742.csv.metrics.json;VERDADERO;52;6;50;16;0,0001;10;0;0;3,372688183;8,499544207;114,9119928;0,274247522;3,372688183;9,761767645;114,9119928;0,244774801
20240714-0740-LSTM_v8v4_feb_tfe2_0.2826.csv.metrics.json;VERDADERO;52;3;20;32;0,0001;10;0;0;3,602090334;8,857849374;116,2738017;0,282621602;3,602090334;10,1571425;116,2738017;0,259719399
20240714-0744-LSTM_v8v4_feb_tfe2_0.2885.csv.metrics.json;VERDADERO;52;6;20;32;0,0001;10;0;0;3,562798294;8,898354319;123,0331807;0,288463137;3,562798294;10,24294621;123,0331807;0,260062703
20240714-0748-LSTM_v8v4_feb_tfe2_0.2927.csv.metrics.json;VERDADERO;52;3;20;16;0,0001;10;0;0;3,75319178;9,367042063;117,5465314;0,292731929;3,75319178;10,89206534;117,5465314;0,26953438
20240714-0753-LSTM_v8v4_feb_tfe2_0.2883.csv.metrics.json;VERDADERO;52;6;20;16;0,0001;10;0;0;3,655724332;9,420576725;110,0130423;0,288326098;3,655724332;11,10716764;110,0130423;0,266815373
20240714-0757-LSTM_v8v4_feb_tfe2_0.2889.csv.metrics.json;VERDADERO;52;3;100;32;0,0001;10;0;0;3,69641391;9,467384488;112,8382365;0,288932523;3,69641391;11,0730066;112,8382365;0,26683826
20240714-0802-LSTM_v8v4_feb_tfe2_0.2797.csv.metrics.json;VERDADERO;52;6;100;32;0,0001;10;0;0;3,48051004;8,988515006;120,8813821;0,279737766;3,48051004;10,39185992;120,8813821;0,252440488
20240714-0807-LSTM_v8v4_feb_tfe2_0.2658.csv.metrics.json;VERDADERO;52;3;100;16;0,0001;10;0;0;3,301923754;8,409318095;110,8192244;0,265843451;3,301923754;9,586937477;110,8192244;0,237345312
20240714-0813-LSTM_v8v4_feb_tfe2_0.2755.csv.metrics.json;VERDADERO;52;6;100;16;0,0001;10;0;0;3,41285629;8,50476613;190,0925661;0,275498295;3,41285629;9,782906532;190,0925661;0,24717047