periodo,product_id,customer_id,plan_precios_cuidados,cust_request_qty,cust_request_tn,tn
201701,20001,1893102,0,479,937.72717,934.77222
201701,20002,1548590,0,391,555.18654,550.15707
201701,20003,2050123,0,438,1067.81543,1063.45835
201701,20004,1787364,0,339,569.3739400000001,555.9161399999999
201701,20005,1419231,0,249,494.60084,494.27011
201701,20006,1802957,0,422,566.54263,528.40996
201701,20007,1987447,0,426,470.73299,464.67137
201701,20008,2037158,0,420,540.94659,523.04609
201701,20009,1680108,0,429,380.53217,378.08172
201701,20010,1355240,0,292,442.93277,441.25546
201701,20011,1300035,0,339,494.28288,489.25422000000003
201701,20012,1755114,172,386,491.10893,476.39728
201701,20013,2068685,0,486,433.76697,433.34928
201701,20014,1362591,0,298,259.84835,248.65917
201701,20015,1700113,0,374,307.99005,304.24755
201701,20016,1344427,0,292,297.59184,293.66064
201701,20017,1557363,0,346,330.74109,327.60433
201701,20018,1700470,0,361,347.18825,343.26727999999997
201701,20019,1423153,0,330,424.83601,409.5724
201701,20020,1484718,0,313,295.17197,293.38983
201701,20021,1414034,0,330,334.08221,331.17312
201701,20022,1628465,0,328,322.70785,316.55771
201701,20023,1794728,0,357,207.68475,207.13875
201701,20024,1197568,0,342,315.95382,313.33302
201701,20025,1118203,0,218,168.3864,166.81392
201701,20026,1188733,0,307,185.10637,184.40019999999998
201701,20027,2048813,0,518,223.33358,223.33358
201701,20028,1118489,0,254,280.32732,280.32732
201701,20029,1383887,0,310,239.95254,236.03158000000002
201701,20030,1046931,0,251,364.455,354.354
201701,20031,1106350,0,220,138.09868,138.09868
201701,20033,1713510,0,317,196.83573,196.83573
201701,20035,1181587,0,252,198.38593,196.32423
201701,20037,1649999,0,332,107.7154,107.01826
201701,20038,1208205,0,278,236.0292,230.12367
201701,20039,1749754,0,408,235.78684,232.57636
201701,20041,1111096,0,231,201.19013,191.12626
201702,20001,1881286,0,432,833.72187,798.0162
201702,20002,1646965,0,357,512.71286,505.88633
201702,20003,2029480,0,359,752.1152,752.1152
201702,20004,2000539,0,348,515.44695,508.20044
201702,20005,1610409,0,300,555.55399,551.4306
201702,20006,2016264,0,387,626.94631,599.1859000000001
201702,20007,2209484,0,435,645.63536,638.62996
201702,20008,1994038,0,434,645.96568,631.7143
201702,20009,1689938,0,384,492.84067,475.242
201702,20010,1352336,0,271,632.99317,562.98287
201702,20011,1402266,0,285,391.0725,383.99634000000003
201702,20012,1883653,185,349,554.7779,509.04048
201702,20013,1904297,0,383,352.79244,343.98819
201702,20014,984620,0,215,306.92937,272.35644
201702,20015,1748357,0,430,408.62774,386.11926
201702,20016,749245,0,160,252.7434,249.36912
201702,20017,1659041,0,328,400.26242,384.57855
201702,20018,1371077,0,231,275.46085,274.37343
201702,20019,1978916,0,418,403.21657,402.63563
201702,20020,1330803,0,267,325.08401000000003,296.98903
201702,20021,1097310,0,226,258.96133,257.28402
201702,20022,1668285,0,325,343.86644,333.2784
201702,20023,1885209,0,381,193.75902,189.93702
201702,20024,1412712,0,294,300.60576000000003,297.14958
201702,20025,1046344,0,206,223.32492,201.81798
201702,20026,1373737,0,253,150.54726,150.54726
201702,20027,2027140,0,424,167.21881,166.28501
201702,20028,1270386,0,247,324.61884,315.79002
201702,20029,1577329,0,281,237.68365,232.25705
201702,20030,1088062,0,253,408.0622,379.7794
201702,20031,1382366,0,282,228.18429,219.02896
201702,20033,1803545,0,334,184.26408,184.26408
201702,20035,833639,0,169,158.39247,156.71515
201702,20037,2127852,0,470,298.27328,275.96503
201702,20038,1269431,0,264,201.57446000000002,199.93209000000002
201702,20039,1143638,0,219,162.37385,162.37385
201702,20041,1141395,0,203,131.59044,124.63658
201703,20001,1912750,0,509,1330.7469700000001,1303.35771
201703,20002,1914608,0,525,843.01972,834.73521
201703,20003,2101202,0,385,919.65524,917.16548
201703,20004,2226017,0,394,492.24251,489.91328
201703,20005,1898317,0,348,570.08464,563.89955
201703,20006,2333954,0,595,896.19633,868.34182
201703,20007,2539260,0,615,848.22761,840.83303
201703,20008,2260771,0,582,946.9179,937.42393
201703,20009,1697956,0,428,463.09001,456.07282
201703,20010,1586537,0,371,720.35315,718.4487
201703,20011,1707439,0,428,709.79454,700.9002
201703,20012,2090222,205,567,665.7962,649.49079
201703,20013,2579988,0,695,658.73808,641.94039
201703,20014,912591,0,211,422.22655,410.33466
201703,20015,1995943,0,539,473.28412000000003,462.48432
201703,20016,1348496,0,327,486.0765,477.29682
201703,20017,2119407,0,512,586.28338,581.21228
201703,20018,2056136,0,452,572.80568,571.84373
201703,20019,1915142,0,351,283.59734,278.9498
201703,20020,1267144,0,253,404.37196,382.3223
201703,20021,1493410,0,346,496.15244,482.72522
201703,20022,1728091,0,463,539.4480100000001,536.75732
201703,20023,1885795,0,378,242.34483,241.78791
201703,20024,954440,0,245,262.58778,253.8081
201703,20025,1432543,0,346,324.4878,323.63604
201703,20026,1617390,0,376,259.71343,259.71343
201703,20027,2035765,0,565,280.72498,280.69386
201703,20028,1756658,0,471,436.34682,435.33126
201703,20029,1905006,0,436,410.58243,401.56945
201703,20030,1444211,0,374,644.0070000000001,618.7454
201703,20031,1074944,0,226,199.23323,182.35528
201703,20033,1640012,0,316,191.93265,191.65965
201703,20035,1505847,0,357,266.59664,266.52674
201703,20037,2211218,0,454,237.30743,236.6103
201703,20038,1308719,0,315,294.07123,281.70105
201703,20039,1688217,0,414,259.59024,259.2539
201703,20041,1497914,0,350,311.93642,310.18048
201704,20001,1055299,0,279,1132.9442999999999,1069.9613
201704,20002,1659663,0,406,538.32365,522.35365
201704,20003,2141048,0,426,528.57503,525.82591
201704,20004,2237145,0,436,513.08924,512.05402
201704,20005,1907452,0,392,663.62117,662.59032
201704,20006,1811985,0,404,594.53302,565.31925
201704,20007,2149531,0,529,752.38021,741.17156
201704,20008,1892497,0,449,636.15803,626.51768
201704,20009,1565816,0,368,351.18245,338.71860000000004
201704,20010,1351445,0,278,615.52116,607.72864
201704,20011,1023208,0,275,492.67764,482.76774
201704,20012,1936340,190,496,755.65972,749.91517
201704,20013,1985108,0,459,519.78654,515.65878
201704,20014,1779964,0,548,603.48047,603.43722
201704,20015,1849382,0,394,400.78638,399.85075
201704,20016,1034222,0,289,467.35416,459.7047
201704,20017,1873119,0,487,596.85429,592.00273
201704,20018,2035049,0,499,606.30641,598.34945
201704,20019,1945824,0,369,269.48874,266.86066
201704,20020,1269430,0,378,420.9529,420.6384
201704,20021,1404054,0,340,467.4198,462.21315
201704,20022,1483535,0,343,402.31023,393.67906
201704,20023,1903198,0,435,224.70357,222.51957000000002
201704,20024,1156944,0,271,379.37718,377.80469999999997
201704,20025,627876,0,119,131.46588,130.99086
201704,20026,1555244,0,318,229.50123,220.42147
201704,20027,1685860,0,338,180.85815,180.59669
201704,20028,1280115,0,307,332.79246,331.41654
201704,20029,1565525,0,337,329.97789,320.50485
201704,20030,1085345,0,240,379.9432,362.4712
201704,20031,1473369,0,428,404.40696,377.41272
201704,20033,2088225,0,460,238.15428,238.15428
201704,20035,1109093,0,216,195.63404,194.77792
201704,20037,1936359,0,419,219.4973,218.94956
201704,20038,1280139,0,303,180.87019,179.99659
201704,20039,1818340,0,421,289.67706,282.98091999999997
201704,20041,893465,0,170,163.73019,159.84267
201705,20001,2423431,0,701,1550.68936,1502.2013200000001
201705,20002,2138292,0,567,860.82062,843.43785
201705,20003,2170381,0,431,622.40769,620.48202
201705,20004,2285612,0,452,543.3667,543.3667
201705,20005,1925010,0,372,516.70386,515.58711
201705,20006,1995514,0,489,828.47341,813.17643
201705,20007,2137818,0,543,880.9292899999999,858.04498
201705,20008,2095633,0,518,859.75742,849.48973
201705,20009,1954646,0,477,537.57249,455.3711
201705,20010,1392581,0,356,783.1038,759.99707
201705,20011,1818515,0,563,847.37016,831.7764
201705,20012,2200789,0,535,720.46851,718.24425
201705,20013,2414512,0,621,610.35975,600.53175
201705,20014,1822847,0,439,414.95085,410.7887
201705,20015,2067823,0,483,454.95475,454.21516
201705,20016,1695299,0,435,545.66694,539.34426
201705,20017,1913437,0,434,577.93955,556.30627
201705,20018,1902094,0,425,678.34755,652.78287
201705,20019,1964669,0,423,258.76201,258.76201
201705,20020,1369972,0,451,617.74003,614.8222000000001
201705,20021,1310011,0,369,486.81366,469.94443
201705,20022,1134138,0,351,477.45731,465.94326
201705,20023,2116659,0,492,338.42445,338.15145
201705,20024,1802368,0,507,542.55474,532.69398
201705,20025,1229652,0,268,296.33058,295.54434
201705,20026,1871887,0,453,277.6133,272.67047
201705,20027,2557106,0,696,284.44162,281.63401
201705,20028,1546276,0,309,363.12822,354.8727
201705,20029,1563873,0,365,409.09772,399.46785
201705,20030,1424883,0,383,583.0188,569.4962
201705,20031,778795,0,235,249.62248,245.63887
201705,20033,2117424,0,481,240.14991,240.14991
201705,20035,1147094,0,317,307.23646,305.88238
201705,20037,1832572,0,388,227.06621,227.03301
201705,20038,1276955,0,345,300.9901,297.2511
201705,20039,1625440,0,375,260.67568,256.30331
201705,20041,606568,0,134,170.0026,168.32529
201706,20001,2239092,0,570,1575.82891,1520.06539
201706,20002,2090035,0,536,997.95015,968.15756
201706,20003,2213875,0,504,748.33515,744.08829
201706,20004,2420300,0,507,611.15517,590.50779
201706,20005,2040281,0,396,568.9637,528.58883
201706,20006,1923707,0,468,715.34054,698.31833
201706,20007,2352727,0,630,850.79631,850.75738
201706,20008,2107505,0,518,751.3192300000001,739.24267
201706,20009,1842463,0,460,567.66846,548.52156
201706,20010,1974467,0,456,1051.72713,1032.41184
201706,20011,1863410,0,396,599.32782,585.04446
201706,20012,2078194,0,503,885.15708,872.83606
201706,20013,2223914,0,536,530.44992,527.88645
201706,20014,1494308,0,355,571.33996,564.42105
201706,20015,1808499,0,416,534.90158,515.15543
201706,20016,1249538,0,293,377.65728,361.44108
201706,20017,2049392,0,454,503.84909,497.57555
201706,20018,1400342,0,292,348.72527,346.80138
201706,20019,2059207,0,464,258.31939,254.48793
201706,20020,1728534,0,465,484.56849,469.64741
201706,20021,1392572,0,305,471.55187,466.98294
201706,20022,1716074,0,411,464.6853,451.49394
201706,20023,2386162,0,598,305.74908,303.01362
201706,20024,953725,0,208,242.8335,231.10542
201706,20025,1383039,0,381,349.97508,343.68516
201706,20026,1737012,0,441,342.97073,342.51809000000003
201706,20027,2569420,0,654,295.5662,294.63241
201706,20028,1525393,0,326,335.02014,331.58034
201706,20029,1680271,0,388,309.72476,305.61560000000003
201706,20030,1639074,0,387,529.347,520.4472000000001
201706,20031,1357808,0,343,321.43239,319.03873
201706,20033,2251733,0,543,232.49772,231.40572
201706,20035,1310985,0,371,350.08653,349.22168
201706,20037,222741,0,47,41.4462,40.749069999999996
201706,20038,2026942,0,496,332.71931,332.5446
201706,20039,1564780,0,324,244.65389,244.65389
201706,20041,1477379,0,398,424.72689,423.04957
201707,20001,1536266,0,381,1086.47101,1030.67391
201707,20002,1404690,0,424,914.41572,845.39319
201707,20003,2016661,0,451,787.61374,785.12398
201707,20004,2078814,0,415,580.95797,569.88117
201707,20005,1710676,0,337,660.85083,625.84925
201707,20006,1997950,0,507,700.06449,670.77751
201707,20007,2151347,0,554,777.68721,767.23749
201707,20008,1505834,0,406,586.5237900000001,563.83449
201707,20009,1380992,0,391,435.31086,406.5181
201707,20010,1365495,0,387,603.34321,573.89415
201707,20011,1414625,0,416,595.1673000000001,557.88642
201707,20012,1844397,0,487,734.9934,699.41399
201707,20013,1854164,0,477,498.73823999999996,484.92170999999996
201707,20014,1311227,0,394,678.32362,667.8803800000001
201707,20015,1455791,0,357,497.94871,467.67899
201707,20016,1517138,0,423,445.71618,436.2813
201707,20017,1332722,0,340,353.8487,349.43629999999996
201707,20018,1814768,0,433,469.64778,461.80586
201707,20019,1882465,0,416,317.87314,309.08290999999997
201707,20020,1703018,0,414,471.48196,462.69354
201707,20021,1878250,0,499,638.45315,615.64346
201707,20022,1642298,0,382,374.47734,369.37551
201707,20023,1843687,0,436,268.43817,264.07017
201707,20024,1875925,0,463,406.07658,402.93162
201707,20025,1394207,0,365,345.58524,343.4886
201707,20026,1179387,0,292,242.90709,230.6485
201707,20027,1680885,0,458,242.21497,239.27662
201707,20028,1393132,0,349,286.51896,280.86786
201707,20029,1129966,0,270,213.18545,210.04868
201707,20030,977312,0,261,305.8146,304.0674
201707,20031,1579682,0,399,282.90666,278.74832
201707,20033,1862854,0,440,214.11936,214.11936
201707,20035,906208,0,224,191.22239,183.30757
201707,20037,200737,0,55,86.07931,84.68504
201707,20038,823588,0,193,92.98598,90.08562
201707,20039,1775353,0,422,207.04538,196.80241999999998
201707,20041,1151213,0,317,289.27522,286.54959
201708,20001,2403681,0,643,1289.66869,1267.39462
201708,20002,1820751,0,413,639.3765999999999,619.71078
201708,20003,2435198,0,561,869.30254,864.21928
201708,20004,2590582,0,601,1043.82382,1042.52979
201708,20005,2171055,0,545,1078.32714,1068.01865
201708,20006,2129559,0,495,817.8083799999999,781.41139
201708,20007,2650126,0,599,916.0731000000001,874.86774
201708,20008,2036058,0,515,868.75997,837.3190599999999
201708,20009,1851074,0,469,414.49313,411.07364
201708,20010,1505874,0,320,687.73288,651.39113
201708,20011,1571998,0,375,529.17228,521.83404
201708,20012,2089034,0,439,700.26915,643.97083
201708,20013,2150195,0,479,384.26661,381.76047
201708,20014,1964699,0,489,507.74001,483.52381
201708,20015,1922048,0,451,585.93324,579.14327
201708,20016,1759333,0,426,476.67438000000004,466.37136
201708,20017,1914067,0,451,615.72721,600.25248
201708,20018,2026995,0,429,571.72874,542.04444
201708,20019,2177963,0,476,423.01709999999997,419.19946
201708,20020,1536196,0,343,342.52105,338.83445
201708,20021,1671061,0,365,493.67145,481.62449
201708,20022,1505831,0,315,354.41953,350.27867
201708,20023,2476440,0,621,346.25136,344.61336
201708,20024,1553421,0,332,373.464,365.89644
201708,20025,1320220,0,299,232.21926,229.0743
201708,20026,1784241,0,380,268.35439,248.15326
201708,20027,2412949,0,630,274.61792,269.94895
201708,20028,1280937,0,245,304.20936,298.01772
201708,20029,1659457,0,364,366.97086,351.13017
201708,20030,1138006,0,292,498.2432,497.952
201708,20031,1220089,0,251,182.37275,182.19803
201708,20033,2467349,0,603,275.02839,275.02839
201708,20035,1321572,0,289,256.40167,254.65447
201708,20037,210960,0,77,96.60269,96.60269
201708,20038,1718286,0,456,276.40704,275.23641
201708,20039,1619569,0,361,188.9903,187.92014
201708,20041,1108499,0,224,237.74155000000002,235.12075000000002
201709,20001,1655298,0,381,1356.96103,1316.94604
201709,20002,1840684,0,516,1075.69811,1065.34529
201709,20003,2445308,0,604,1492.754,1465.83347
201709,20004,2569201,0,584,1263.25332,1259.6456
201709,20005,2119802,0,488,1288.3667599999999,1247.8888
201709,20006,1900358,0,398,650.14796,599.26956
201709,20007,2549064,0,624,934.99749,912.1132
201709,20008,2125748,0,463,723.93526,671.248
201709,20009,1543999,0,351,470.38563,464.70505
201709,20010,1514127,0,323,956.79299,940.8323
201709,20011,1922614,0,488,716.88708,700.63812
201709,20012,1995965,0,456,776.36307,731.15982
201709,20013,2405034,0,572,557.6571,556.0191
201709,20014,1656375,0,407,559.03726,531.66431
201709,20015,1422446,0,317,489.53713999999997,467.91974
201709,20016,1330192,0,336,577.1656800000001,573.56208
201709,20017,1891160,0,401,463.68795,446.69712
201709,20018,1950526,0,406,507.1322,479.68548
201709,20019,2291738,0,555,545.52014,535.81007
201709,20020,1798935,0,491,728.02332,719.0078
201709,20021,1770725,0,443,789.62095,784.64143
201709,20022,940194,0,238,465.22696,462.57122
201709,20023,2393460,0,618,546.79443,528.2277
201709,20024,1874557,0,508,595.10178,594.9216
201709,20025,1330670,0,337,373.82436,369.89315999999997
201709,20026,1251061,0,308,259.43224,249.6809
201709,20027,2394084,0,574,260.93469,252.90404
201709,20028,1555037,0,359,361.71954,356.92019999999997
201709,20029,1727999,0,361,330.27061,318.16269
201709,20030,1191791,0,288,388.2606,381.017
201709,20031,1491187,0,384,435.73421,432.8863
201709,20033,2424147,0,586,429.13143,400.73942999999997
201709,20035,1462782,0,373,455.0933,453.52083
201709,20037,180740,0,66,86.31998,86.31998
201709,20038,1870922,0,487,406.31138,406.31138
201709,20039,1608099,0,357,189.05141,187.98125
201709,20041,1495674,0,321,386.0789,385.71199
201710,20001,978156,0,273,1441.60247,1439.75563
201710,20002,1146326,0,256,861.80405,857.45269
201710,20003,2453842,0,569,2010.29987,1958.59845
201710,20004,2497429,0,515,1311.422,1268.21209
201710,20005,1749833,0,365,995.77338,875.13411
201710,20006,2086184,0,482,880.9516,866.99297
201710,20007,2178277,0,530,916.60829,912.87207
201710,20008,2033767,0,461,740.03737,723.19292
201710,20009,1463253,0,334,266.72003,266.72003
201710,20010,1462158,0,351,1262.9198999999999,1212.23362
201710,20011,1786882,0,416,677.0673,674.6103
201710,20012,2116873,0,445,723.83884,715.90506
201710,20013,2373379,0,519,626.28111,622.2925799999999
201710,20014,1420562,0,337,535.14541,521.43731
201710,20015,1604694,0,362,448.69028,436.09053
201710,20016,1585131,0,382,518.0175,510.1551
201710,20017,1851926,0,386,504.92607,492.72405
201710,20018,1840508,0,380,452.53143,441.55274000000003
201710,20019,2176330,0,491,856.58795,846.79489
201710,20020,1870819,0,436,653.17323,623.57564
201710,20021,1748527,0,376,644.9265800000001,629.6211
201710,20022,1828050,0,437,675.06564,663.88357
201710,20023,1949756,0,400,547.5561,536.50233
201710,20024,1481886,0,317,441.80136,439.42626
201710,20025,1299874,0,316,455.56056,452.41560000000004
201710,20026,2077361,0,513,336.56011,334.5991
201710,20027,1320490,0,268,131.75783,131.19731
201710,20028,932175,0,162,323.24292,321.31007999999997
201710,20029,1556803,0,330,308.97196,307.40357
201710,20030,1257943,0,311,606.97,602.1652
201710,20031,1684448,0,413,431.54088,425.46063
201710,20033,2259256,0,485,435.52236,434.63784
201710,20035,1473718,0,363,441.57864,434.2928
201710,20037,606462,0,101,142.72965,142.72965
201710,20038,1575745,0,333,239.38381,239.38381
201710,20039,1821720,0,393,238.35523,238.35523
201710,20041,1392400,0,275,330.1073,326.01885
201711,20001,1778002,0,519,1586.94356,1580.47401
201711,20002,1382081,0,314,757.57238,750.41853
201711,20003,2193721,0,458,1442.91337,1426.23717
201711,20004,2115046,0,414,899.85107,897.42607
201711,20005,1993293,0,399,807.75959,776.7654200000001
201711,20006,1986236,0,471,730.58523,724.31168
201711,20007,2274011,0,593,775.09904,767.95742
201711,20008,1719664,0,416,644.8782,631.8606
201711,20009,1029023,0,236,237.34808,237.34808
201711,20010,1711803,0,392,770.09594,747.14647
201711,20011,1545805,0,395,640.22868,637.4277
201711,20012,1315369,0,290,402.84488,396.01448
201711,20013,2212295,0,524,530.37621,529.30332
201711,20014,1157617,0,278,372.88608999999997,366.34556
201711,20015,1444720,0,301,471.95941,450.69057
201711,20016,1135434,0,278,593.48016,586.404
201711,20017,1741773,0,374,438.90743,425.26247
201711,20018,1823652,0,390,462.99787000000003,445.90247
201711,20019,2163573,0,515,696.73851,694.81586
201711,20020,1345513,0,342,490.98066,464.4931
201711,20021,1342276,0,367,538.5919299999999,522.08089
201711,20022,1484092,0,339,475.08116,463.30505
201711,20023,2369872,0,524,401.35368,400.26168
201711,20024,1137884,0,286,440.08146,439.26246
201711,20025,1117080,0,290,361.85058,351.8424
201711,20026,1555586,0,302,223.13607,217.9694
201711,20027,1937199,0,447,240.9173,239.77144
201711,20028,1883492,0,512,477.54252,477.477
201711,20029,1495647,0,313,332.9787,320.27478
201711,20030,953681,0,273,381.381,379.561
201711,20031,1218519,0,307,363.1905,361.40836
201711,20033,1999094,0,398,265.37238,259.33089
201711,20035,1117875,0,305,285.94679,270.02106
201711,20037,805322,0,150,65.7878,65.7878
201711,20038,1454319,0,325,177.88242,176.83411
201711,20039,1576478,0,364,235.49636999999998,218.81715
201711,20041,1108107,0,262,256.80354,248.40824
201712,20001,1956409,0,435,1098.8392900000001,1049.3886
201712,20002,1946127,0,469,835.21742,820.58984
201712,20003,1467030,0,264,992.2408,961.66344
201712,20004,1711933,0,336,584.32502,568.79679
201712,20005,1386516,0,258,357.57969,329.42894
201712,20006,1628354,0,371,546.04902,530.36517
201712,20007,1751506,0,401,629.4841,607.52412
201712,20008,1700130,0,375,596.05952,543.14221
201712,20009,1623599,0,405,515.64488,514.8801
201712,20010,1333151,0,279,558.63235,507.57042
201712,20011,1413096,0,338,574.9052399999999,565.20828
201712,20012,1526244,0,409,687.7691599999999,675.98234
201712,20013,1845109,0,412,401.56389,393.16913999999997
201712,20014,1119003,0,298,619.50207,614.15073
201712,20015,1628787,0,450,480.79299000000003,480.79299000000003
201712,20016,1699496,0,510,613.61118,605.61774
201712,20017,1597851,0,318,354.52824,342.76535
201712,20018,1557644,0,313,374.11216,330.9502
201712,20019,1802837,0,343,619.68734,618.1105
201712,20020,1196416,0,258,322.67289,318.13018
201712,20021,1191138,0,262,365.47935,365.47935
201712,20022,1360425,0,332,439.50814,430.66729
201712,20023,1710678,0,362,277.8048,275.0202
201712,20024,851333,0,203,329.05782,326.5353
201712,20025,1087139,0,247,289.00872,263.7999
201712,20026,1607978,0,404,287.98663999999997,280.69245
201712,20027,2467930,0,691,360.91477,359.60688
201712,20028,1087019,0,228,187.94412,185.97852
201712,20029,1322513,0,250,259.67234,236.61708
201712,20030,864972,0,215,375.5752,363.8726
201712,20031,1349518,0,350,339.27127,337.29695
201712,20033,1650841,0,357,243.61701,242.85261
201712,20035,1128238,0,246,216.07634,210.20574
201712,20037,1331687,0,322,111.48324,111.47494
201712,20038,1280331,0,264,170.70147,167.80113
201712,20039,1585185,0,361,209.64434,195.79342
201712,20041,1160031,0,229,182.58253,181.75261
201801,20001,1545767,0,437,1256.01136,1169.07532
201801,20002,1739097,0,462,1015.5258,984.80167
201801,20003,1545252,0,360,912.54256,907.56304
201801,20004,1384702,0,325,434.88392,415.52538
201801,20005,1139097,0,240,425.04868,417.53208
201801,20006,1626598,0,404,502.74068,470.33785
201801,20007,1913795,0,527,676.6713599999999,635.25815
201801,20008,1646825,0,409,497.52317,469.29224
201801,20009,1282738,0,337,269.6067,264.48599
201801,20010,1147951,0,213,313.42155,298.25586
201801,20011,1371190,0,314,350.84322,340.75314
201801,20012,1240142,0,321,345.54834999999997,329.61073
201801,20013,1790619,0,454,352.50579,329.57379
201801,20014,1503379,0,405,380.81359000000003,351.51633000000004
201801,20015,1496783,0,380,430.30839,425.48472
201801,20016,1289170,0,359,414.414,389.90952
201801,20017,1525527,0,334,295.63022,291.70926000000003
201801,20018,1545356,0,351,362.05657,342.16945
201801,20019,525717,0,135,250.56668,243.71984
201801,20020,1248885,0,330,304.08269,291.92217
201801,20021,1015021,0,228,255.16114,253.48382999999998
201801,20022,1158086,0,298,295.41653,285.24782
201801,20023,1636854,0,389,223.72623000000002,223.72623000000002
201801,20024,801467,0,254,241.22826,224.71722
201801,20025,1045164,0,275,262.39122,245.79828
201801,20026,1637204,0,424,259.4406,250.81615
201801,20027,1025319,0,281,135.67159,125.19603000000001
201801,20028,1065358,0,233,167.14152,156.13416
201801,20029,1228669,0,290,216.49998,203.9529
201801,20030,954244,0,217,184.548,162.4168
201801,20031,1166872,0,282,210.69484,207.34020999999998
201801,20033,1454166,0,383,171.62964,171.61053
201801,20035,853957,0,181,146.77359,130.83912999999998
201801,20037,1166991,0,240,90.38662,87.15823
201801,20038,1371047,0,329,192.43659,186.2515
201801,20039,1624549,0,412,220.07076,217.93044
201801,20041,792200,0,165,105.43483,103.75752
201802,20001,1594106,0,302,1150.37849,1043.7647
201802,20002,1782498,0,355,820.24403,712.00087
201802,20003,1905173,0,388,820.71326,788.30749
201802,20004,1813567,0,313,532.8463399999999,503.65326
201802,20005,1629099,0,278,409.51725999999996,399.20878
201802,20006,1768217,0,346,616.5427099999999,588.56272
201802,20007,1219859,0,201,395.22268,383.80253
201802,20008,1746623,0,328,531.34802,506.25385
201802,20009,1831604,0,385,442.56541,434.03086
201802,20010,1473487,0,287,484.1055,477.48363
201802,20011,1634981,0,336,624.84786,601.26066
201802,20012,1279038,0,232,485.97754000000003,484.36575
201802,20013,1790975,0,354,391.19535,382.2273
201802,20014,1718932,0,392,469.37359000000004,460.13527
201802,20015,1758006,0,344,440.84444,432.93503
201802,20016,1381467,0,316,505.35576,493.43111999999996
201802,20017,1575137,0,285,401.37074,377.84497
201802,20018,1339654,0,258,344.46974,337.54792
201802,20019,2345004,0,580,655.87193,629.89543
201802,20020,1473708,0,330,391.11074,383.07362
201802,20021,1198593,0,217,239.09569,234.06376
201802,20022,1381811,0,318,376.32938,370.73834
201802,20023,1935293,0,356,259.27356,258.94596
201802,20024,770076,0,163,225.29052000000001,220.57308
201802,20025,1267988,0,241,268.97598,255.6099
201802,20026,942932,0,186,207.25468,197.61244
201802,20027,2517409,0,640,307.32872,290.13933000000003
201802,20028,1421454,0,218,186.28974,184.6845
201802,20029,1778400,0,308,331.4521,330.66791
201802,20030,1250379,0,228,357.59360000000004,355.04560000000004
201802,20031,1328772,0,316,250.61836,243.62956
201802,20033,1955399,0,323,172.56603,163.39323000000002
201802,20035,1045770,0,189,159.27482,158.43616
201802,20037,1709073,0,298,153.99997,132.09008
201802,20038,1073867,0,174,172.4661,172.20402
201802,20039,1982114,0,389,222.21107,220.80456999999998
201802,20041,1015675,0,206,160.6551,157.30048
201803,20001,2077029,0,591,1902.79056,1856.83534
201803,20002,1810559,0,399,998.4774100000001,966.86044
201803,20003,1618780,0,320,788.95587,778.55594
201803,20004,1771686,0,373,549.48487,488.92473
201803,20005,1845557,0,381,584.21162,559.98671
201803,20006,2453467,0,568,867.65158,862.19361
201803,20007,2607365,0,721,1234.14716,1205.48871
201803,20008,2124750,0,516,775.39931,765.98901
201803,20009,1891856,0,450,485.5258,449.68079
201803,20010,1380660,0,322,668.87188,653.77607
201803,20011,1606587,0,382,634.8069,526.99374
201803,20012,2229023,0,600,834.00716,831.62216
201803,20013,2382012,0,616,597.45231,593.35731
201803,20014,1525943,0,332,528.0404100000001,522.03441
201803,20015,1806949,0,409,512.67479,509.03929999999997
201803,20016,1371442,0,316,579.32784,533.72592
201803,20017,2012983,0,466,509.23387,488.79258
201803,20018,2053921,0,447,519.0101099999999,510.33171
201803,20019,1843256,0,378,341.26987,321.26878
201803,20020,1462634,0,356,361.04142,354.92622
201803,20021,1371255,0,325,409.30792,405.9533
201803,20022,1279075,0,299,328.71818,326.04496
201803,20023,1913211,0,379,243.10104,241.46304
201803,20024,1384155,0,312,438.83657999999997,418.4271
201803,20025,1341544,0,306,355.29858,348.09138
201803,20026,1238804,0,242,207.96899,203.14786
201803,20027,2176546,0,546,266.59116,265.65696
201803,20028,1553812,0,334,299.81952,299.81952
201803,20029,1747893,0,363,341.67796,336.37682
201803,20030,1219044,0,282,349.1852,321.23
201803,20031,1451761,0,319,232.3077,232.3077
201803,20033,2004871,0,389,240.01614,228.00414
201803,20035,1260336,0,268,221.11695,221.11695
201803,20037,2319020,0,567,459.10346,450.98685
201803,20038,1758214,0,428,291.43295,272.09145
201803,20039,1789699,0,396,215.46907,214.39891
201803,20041,1290610,0,269,198.32483,198.32483
201804,20001,1564735,0,384,1286.12277,1251.28462
201804,20002,1566198,0,468,1002.8922200000001,999.20934
201804,20003,2168505,0,470,769.86139,765.47838
201804,20004,2099525,0,466,643.76193,611.51237
201804,20005,1690023,0,318,509.30334999999997,496.41774
201804,20006,1943181,0,449,760.5414000000001,748.4439100000001
201804,20007,1925076,0,420,707.03611,670.18111
201804,20008,1983384,0,465,720.58941,691.53246
201804,20009,1524043,0,341,297.43841,297.43841
201804,20010,835043,0,145,188.13854,171.74107
201804,20011,1543997,0,352,578.16486,562.70214
201804,20012,1627672,0,368,604.05595,590.48738
201804,20013,1769223,0,450,450.13059,448.49259
201804,20014,1197749,0,312,446.66076,441.25536
201804,20015,1373419,0,290,281.02337,281.02337
201804,20016,1564531,0,361,495.11826,481.62114
201804,20017,1984332,0,461,567.11771,550.29417
201804,20018,2005652,0,466,544.37606,543.06908
201804,20019,1658642,0,322,299.44194,290.39581
201804,20020,1370788,0,327,384.01707,378.21636
201804,20021,733716,0,133,102.60433,94.17409
201804,20022,476516,0,91,86.57375,86.57375
201804,20023,1699585,0,371,182.11557,181.02357
201804,20024,860765,0,198,295.75728,295.13484
201804,20025,1135861,0,261,319.31172,312.49764
201804,20026,1462929,0,333,317.67632000000003,317.66739
201804,20027,2065904,0,503,226.1705,222.62052
201804,20028,1228227,0,266,190.64682,186.19146
201804,20029,1668928,0,342,317.4831,308.07279
201804,20030,1095288,0,269,424.697,411.32
201804,20031,1340066,0,326,268.99893000000003,264.38632
201804,20033,1831686,0,382,191.90262,190.81062
201804,20035,1086871,0,230,171.65374,168.29912
201804,20037,1954708,0,411,264.47891,261.69037
201804,20038,1230095,0,228,152.91494,151.3774
201804,20039,1647582,0,314,157.6193,157.31354
201804,20041,1015810,0,210,152.28602999999998,152.28602999999998
201805,20001,1911186,0,456,1303.62129,1293.89788
201805,20002,1647450,0,400,1167.8423,1103.39191
201805,20003,1759491,0,416,799.08993,784.35885
201805,20004,1954089,0,415,649.13474,641.37063
201805,20005,1678743,0,348,674.33357,637.11135
201805,20006,2114648,0,469,904.28908,865.28861
201805,20007,1666312,0,348,736.27426,718.11211
201805,20008,1951795,0,417,732.08037,707.59267
201805,20009,1749608,0,390,398.8949,392.31112
201805,20010,864572,0,126,241.39314,227.24081999999999
201805,20011,1451193,0,326,507.5343,484.04538
201805,20012,1748418,0,376,693.10713,680.23243
201805,20013,2126374,0,495,505.41309,494.79885
201805,20014,1391962,0,366,538.72728,533.08164
201805,20015,1545042,0,331,376.71663,373.35601
201805,20016,1616036,0,325,554.10264,535.00356
201805,20017,1942081,0,417,542.15947,533.53335
201805,20018,1603983,0,316,399.44694,388.43687
201805,20019,1584988,0,369,372.77925,356.42982
201805,20020,1462098,0,352,476.3042,459.19912
201805,20021,853726,0,132,158.33129,153.29935
201805,20022,516193,0,137,190.37492,187.75412
201805,20023,1861615,0,436,315.24948,314.15748
201805,20024,1343810,0,268,357.0021,350.18802
201805,20025,1186672,0,233,290.18808,267.9768
201805,20026,1891458,0,433,386.18102,378.08331
201805,20027,1698284,0,423,268.3038,261.62113
201805,20028,1309560,0,274,235.59354000000002,223.70166
201805,20029,1339404,0,252,293.5913,293.12078
201805,20030,1107401,0,283,347.8202,329.6566
201805,20031,1501494,0,358,334.11705,320.83833
201805,20033,1798972,0,409,246.47805,246.47805
201805,20035,1241401,0,290,247.4822,241.62909
201805,20037,1675743,0,406,320.5566,319.36152
201805,20038,1421282,0,360,245.37677,241.13109
201805,20039,1462483,0,300,181.8202,179.19066
201805,20041,1270519,0,244,205.55816,201.86283
201806,20001,1913199,0,497,1198.50145,1150.79169
201806,20002,2137859,0,491,1062.51026,1033.82845
201806,20003,2028065,0,409,702.46914,660.73323
201806,20004,2088589,0,409,488.16641,447.84475
201806,20005,1585938,0,304,607.92975,547.62513
201806,20006,1937284,0,401,484.84024,468.1526
201806,20007,2393707,0,561,801.26694,778.84928
201806,20008,2171194,0,467,608.53351,554.57063
201806,20009,1668849,0,403,443.13028,398.99459
201806,20010,751695,0,114,224.71612,223.87746
201806,20011,952110,0,247,446.56794,437.7555
201806,20012,1853892,0,406,680.3039600000001,509.51298
201806,20013,2098089,0,525,447.10848,432.0225
201806,20014,1883012,0,464,486.7044,473.01072
201806,20015,1649179,0,331,307.19013,301.50633
201806,20016,1452536,0,376,567.4851,550.97406
201806,20017,1863457,0,351,348.41163,316.45841
201806,20018,1997065,0,387,474.45756,420.33781
201806,20019,1801512,0,337,268.14019,262.33076
201806,20020,1523603,0,303,409.35149,348.98573
201806,20021,1035710,0,242,453.59938,447.59775
201806,20022,323640,0,77,96.67256,95.23986
201806,20023,2045726,0,470,289.50558,289.50558
201806,20024,1385142,0,307,395.34768,386.8956
201806,20025,1209539,0,261,300.21264,291.82608
201806,20026,1697403,0,393,323.8723,317.87268
201806,20027,2230421,0,536,207.89173,191.64279
201806,20028,1187686,0,261,227.53458,220.42566
201806,20029,1823638,0,364,287.26546,284.12869
201806,20030,1026018,0,261,324.5788,323.5596
201806,20031,1320242,0,285,252.06853,238.00356
201806,20033,2026616,0,412,175.42707000000001,175.15407000000002
201806,20035,1178332,0,269,251.77158,247.3337
201806,20037,1820695,0,351,233.75529,230.96676
201806,20038,1463916,0,293,156.68888,139.3217
201806,20039,2036208,0,420,225.16169,221.95121
201806,20041,1331927,0,265,247.13272,242.55506
201807,20001,1699085,0,458,1528.5938,1470.4100899999999
201807,20002,1916075,0,446,993.64053,977.40239
201807,20003,1741396,0,337,679.25729,656.227
201807,20004,2047912,0,396,662.22243,653.4231
201807,20005,1730391,0,328,514.71094,502.34077
201807,20006,1782016,0,389,549.4368,515.20419
201807,20007,1998144,0,451,716.59641,694.87111
201807,20008,1598017,0,402,536.02183,526.38149
201807,20009,1607439,0,375,399.48229,383.58812
201807,20010,1210965,0,209,344.49549,331.96807
201807,20011,607603,0,160,308.5173,300.26178
201807,20012,1680260,0,416,630.82975,566.99689
201807,20013,1987409,0,398,394.3485,391.48199999999997
201807,20014,1679886,0,377,550.8594,542.35272
201807,20015,1495385,0,320,329.7656,318.59313
201807,20016,1484076,0,318,420.83495999999997,409.92588
201807,20017,1525346,0,331,353.75457,351.60065
201807,20018,1413017,0,292,337.78843,325.03223
201807,20019,1545492,0,309,354.20980000000003,351.0561
201807,20020,1219668,0,272,322.84763,317.11681
201807,20021,1362691,0,263,334.69373,332.17776
201807,20022,355534,0,86,66.53335,60.76759
201807,20023,1832724,0,404,255.9102,255.9102
201807,20024,1284200,0,254,258.59105999999997,249.15618
201807,20025,1301806,0,255,225.7983,214.75818
201807,20026,1627823,0,381,333.87153,330.87172
201807,20027,1861670,0,426,258.46346,256.99365
201807,20028,1076491,0,234,188.09154,182.22750000000002
201807,20029,1291423,0,241,217.45146,216.88684
201807,20030,944944,0,226,193.5388,191.79160000000002
201807,20031,1189052,0,301,254.46217,242.35408
201807,20033,1892929,0,422,209.35005,207.81852
201807,20035,1322553,0,246,218.76695999999998,209.67279
201807,20037,1261185,0,291,189.70313000000002,189.35457
201807,20038,1148366,0,247,145.73393000000002,141.40087
201807,20039,1383618,0,291,190.38148,180.75004
201807,20041,1149636,0,208,173.35727,169.21641
201808,20001,1964223,0,535,1859.88471,1800.96168
201808,20002,2066384,0,533,1186.24711,1161.8843
201808,20003,2189705,0,470,966.40963,955.97079
201808,20004,2394029,0,503,947.1551900000001,936.42001
201808,20005,2086647,0,428,887.37539,874.88924
201808,20006,1903454,0,435,665.26716,615.70617
201808,20007,2250594,0,463,725.3995,694.49793
201808,20008,1790174,0,424,602.54218,554.82147
201808,20009,1934105,0,453,566.74792,529.56178
201808,20010,1371406,0,289,613.02266,582.83104
201808,20011,457506,0,118,207.58374,191.0727
201808,20012,1860127,0,412,705.35553,582.80037
201808,20013,2096813,0,494,440.31077999999997,437.85378
201808,20014,1710742,0,389,583.13892,555.83892
201808,20015,1769682,0,372,460.31554,402.60881
201808,20016,1676851,0,376,494.38116,474.3648
201808,20017,1730095,0,373,383.91979,374.95908000000003
201808,20018,1586478,0,372,438.5832,375.61778
201808,20019,1984910,0,419,392.43443,387.73155
201808,20020,1422340,0,249,240.39728,235.66237
201808,20021,1096905,0,256,277.91848,259.45932
201808,20022,303353,0,78,53.86618,52.57325
201808,20023,2299865,0,490,344.13015,342.49215
201808,20024,1637856,0,315,355.23306,342.30924
201808,20025,1309768,0,301,333.97182,318.5091
201808,20026,1881821,0,433,377.12805000000003,352.77241
201808,20027,2024424,0,510,246.61155,243.69061
201808,20028,1483134,0,308,269.76222,254.6271
201808,20029,1291916,0,289,196.07956,193.21464
201808,20030,1148489,0,271,217.30800000000002,211.848
201808,20031,1440147,0,332,318.58446,303.83811000000003
201808,20033,2227835,0,464,268.632,266.28693
201808,20035,1411289,0,278,243.56848,223.59798
201808,20037,1596034,0,326,190.08488,183.11356
201808,20038,1461449,0,312,208.63318,196.35036
201808,20039,1852765,0,377,209.06342,196.2215
201808,20041,1403959,0,257,165.00565,163.05752
201809,20001,1736461,0,401,1629.3791,1438.67455
201809,20002,1067481,0,272,1010.74006,954.2357499999999
201809,20003,1860226,0,366,963.2908699999999,912.34156
201809,20004,1984000,0,405,1015.11724,948.86342
201809,20005,1584639,0,330,861.87485,761.7752
201809,20006,1646155,0,299,492.31619,478.04388
201809,20007,1748898,0,318,462.76519,434.30577
201809,20008,1718619,0,336,470.44248,436.96269
201809,20009,1494575,0,347,591.5424,587.6409
201809,20010,1361937,0,260,535.69157,480.60235
201809,20011,507596,0,116,193.5297,189.5985
201809,20012,1686079,0,302,329.98489,320.11756
201809,20013,1321531,0,246,240.40926,235.49526
201809,20014,1464643,0,332,388.27152,379.02228
201809,20015,1799122,0,425,529.15951,498.47955
201809,20016,1441109,0,316,485.11008,465.0282
201809,20017,1525056,0,294,303.84858,288.35292
201809,20018,1371663,0,250,294.98193,282.43485
201809,20019,1776718,0,353,448.34344,417.95455
201809,20020,1208418,0,204,193.85183,179.85676
201809,20021,1451683,0,297,404.8351,391.53891
201809,20022,364638,0,86,71.37312,69.69581
201809,20023,1747719,0,366,354.18201,348.15417
201809,20024,1238401,0,231,285.51978,265.12668
201809,20025,1228086,0,243,283.39038,260.55666
201809,20026,1983400,0,434,406.17083,397.8142
201809,20027,2054552,0,416,235.33885,233.05315
201809,20028,1401179,0,288,296.26506,287.25606
201809,20029,1247942,0,220,200.85797,195.09678
201809,20030,1036355,0,242,273.273,268.2316
201809,20031,1572302,0,310,288.6724,279.39477
201809,20033,1768360,0,379,302.11545,300.47745
201809,20035,1136664,0,221,206.67638,204.89424
201809,20037,1341865,0,259,114.68664,114.68664
201809,20038,1327848,0,257,200.29901,191.47565
201809,20039,1422781,0,250,143.72247,141.58214999999998
201809,20041,1177630,0,236,203.31299,197.91414
201810,20001,1605191,0,417,2423.70881,2295.19832
201810,20002,1605444,0,345,1409.82826,1378.49032
201810,20003,2190094,0,509,1357.56128,1313.34211
201810,20004,2242651,0,464,963.41338,809.6708600000001
201810,20005,1923976,0,435,978.09857,893.74086
201810,20006,1727221,0,394,539.3161,513.15472
201810,20007,1937464,0,373,553.37804,547.65697
201810,20008,1903363,0,442,543.55013,532.45644
201810,20009,1779511,0,385,601.55107,596.92913
201810,20010,1444741,0,292,628.47663,612.50721
201810,20011,467316,0,117,179.32824,177.75576
201810,20012,1504942,0,325,432.916,422.68261
201810,20013,2211817,0,500,470.97414,469.93401
201810,20014,1169422,0,238,330.1662,325.1976
201810,20015,1575529,0,378,584.25828,554.465
201810,20016,1217203,0,289,468.33696,454.11912
201810,20017,1576785,0,335,346.11129,331.23254
201810,20018,1249851,0,199,167.85912,161.58557
201810,20019,2016848,0,476,595.37764,552.71975
201810,20020,1149510,0,211,171.62745,166.28102
201810,20021,1371492,0,306,424.0717,404.8525
201810,20022,567872,0,114,115.00069,114.86092000000001
201810,20023,1302078,0,249,233.92551,226.30062
201810,20024,1208985,0,232,288.12420000000003,279.47556000000003
201810,20025,1166392,0,231,328.48452,326.51892
201810,20026,1586936,0,366,351.96873,328.17556
201810,20027,2035230,0,441,225.76002,220.78382
201810,20028,1400359,0,285,273.64428,272.74338
201810,20029,1443795,0,284,208.43849,199.61372
201810,20030,1006168,0,233,171.6806,169.7878
201810,20031,1268595,0,269,212.89629,207.8993
201810,20033,2170232,0,478,283.46136,278.24706
201810,20035,1230739,0,250,218.78447,217.66627
201810,20037,1535734,0,300,115.33405,115.33405
201810,20038,1156117,0,214,146.52015,136.98044
201810,20039,1576256,0,314,134.0452,129.53524
201810,20041,1178376,0,247,235.48773,234.62287
201811,20001,1780020,0,447,1945.84961,1813.01511
201811,20002,2403540,0,648,1823.35962,1766.81068
201811,20003,1717763,0,371,1263.84506,1206.9177300000001
201811,20004,1749073,0,393,839.09686,802.34669
201811,20005,1444101,0,303,486.78785,469.26344
201811,20006,1963107,0,432,589.05418,566.66809
201811,20007,1689609,0,331,470.34453,447.26564
201811,20008,1748642,0,375,444.99273999999997,433.50169999999997
201811,20009,1770248,0,393,559.36651,551.96254
201811,20010,1289022,0,236,433.48913,414.97753
201811,20011,1075804,0,220,293.85720000000003,289.13976
201811,20012,1515862,0,309,355.23299,344.45169
201811,20013,2066503,0,461,372.53853,367.82928
201811,20014,1739472,0,403,572.52468,560.28336
201811,20015,1637712,0,358,454.34741,447.93655
201811,20016,1329776,0,280,332.79246,326.01114
201811,20017,1728555,0,340,292.28428,286.83676
201811,20018,1648000,0,374,377.13393,371.52958
201811,20019,1717656,0,366,539.56545,532.98143
201811,20020,1341865,0,225,193.85185,190.00801
201811,20021,1249117,0,250,331.18179,313.67485
201811,20022,831098,0,212,200.98041,198.44695000000002
201811,20023,2180320,0,617,474.5286,455.53598999999997
201811,20024,1066954,0,201,187.1415,183.99654
201811,20025,932776,0,201,222.37488,221.55588
201811,20026,1647958,0,346,309.23028,307.11433999999997
201811,20027,1952258,0,383,204.67192,202.24299
201811,20028,1370412,0,262,224.37324,220.27824
201811,20029,1413842,0,290,201.5271,198.40079
201811,20030,730404,0,179,191.3548,185.02120000000002
201811,20031,1095593,0,300,207.96923,207.82945
201811,20033,1606854,0,346,258.1488,253.0437
201811,20035,1096717,0,223,198.15,195.05746
201811,20037,1249602,0,272,101.03448,100.13817
201811,20038,1157019,0,222,138.18604,136.61356
201811,20039,1462243,0,284,116.95322,116.76975999999999
201811,20041,964774,0,188,175.82954,168.1768
201812,20001,1853395,0,453,1562.28968,1486.68669
201812,20002,1672197,0,382,1165.9881,1009.45458
201812,20003,1721201,0,299,806.2154800000001,769.82869
201812,20004,1906336,0,363,616.98358,585.56477
201812,20005,1385969,0,258,406.94434,372.63428
201812,20006,1290366,0,248,451.64265,407.75925
201812,20007,1312762,0,281,364.28092,361.82904
201812,20008,1475073,0,266,447.50216,426.32899000000003
201812,20009,1652232,0,398,574.24061,555.27622
201812,20010,740873,0,142,304.78157,285.02947
201812,20011,1086003,0,229,321.6213,321.09714
201812,20012,1047448,0,248,352.35345,325.60163
201812,20013,1128614,0,254,337.88664,333.70155
201812,20014,1201059,0,276,403.86528,362.544
201812,20015,1200416,0,289,487.07556,452.26356
201812,20016,761634,0,150,225.60173999999998,215.90478
201812,20017,1108763,0,196,267.95336,259.32724
201812,20018,1382059,0,269,336.40822,326.01506
201812,20019,1558648,0,294,472.60481,446.69747
201812,20020,1006582,0,202,190.86411999999999,187.36972
201812,20021,791394,0,171,233.05907,228.25426
201812,20022,792509,0,205,266.76249,257.81683
201812,20023,1619272,0,331,252.23562,244.01559
201812,20024,660385,0,124,182.8008,182.45682
201812,20025,812738,0,147,108.22266,105.86394
201812,20026,1364237,0,290,225.78919,223.97681
201812,20027,1831741,0,414,233.29607,230.09487000000001
201812,20028,1117849,0,267,229.5657,225.29052000000001
201812,20029,854294,0,134,136.20911,127.50979
201812,20030,689690,0,186,129.8388,124.9248
201812,20031,791140,0,152,122.93296,120.27722
201812,20033,1476907,0,269,157.22616,150.48852
201812,20035,719406,0,147,129.06577,127.34478
201812,20037,1497099,0,280,87.44046,87.38237
201812,20038,1024982,0,219,126.44484,125.57124
201812,20039,1280349,0,249,120.05672,117.83996
201812,20041,833903,0,188,130.95273,129.23173
201901,20001,1443630,0,370,1371.7643,1275.77351
201901,20002,1442860,0,413,1377.88768,1266.7875099999999
201901,20003,1616127,0,360,983.87032,964.76919
201901,20004,1677534,0,332,537.66267,511.33713
201901,20005,1340669,0,267,380.37001,363.58438
201901,20006,1839902,0,431,604.47658,578.74461
201901,20007,1545143,0,337,377.66902,377.66902
201901,20008,1891327,0,470,544.38661,543.27828
201901,20009,1248222,0,329,469.18828,465.47521
201901,20010,1208123,0,229,379.03764,370.75591
201901,20011,1248467,0,275,310.33548,303.39036
201901,20012,1097082,0,283,293.60057,271.31067
201901,20013,1800459,0,485,486.92007,486.92007
201901,20014,1096321,0,235,313.0764,287.51268
201901,20015,1339345,0,339,364.4002,325.59802
201901,20016,1014481,0,244,248.46822,246.89574
201901,20017,1789253,0,394,334.63074,326.00462
201901,20018,1593422,0,344,332.47681,326.67378
201901,20019,1359432,0,252,365.38604,360.9114
201901,20020,1319714,0,333,276.87876,274.43268
201901,20021,1037334,0,209,204.01184,193.10931
201901,20022,1013127,0,252,265.01528,264.3164
201901,20023,1450225,0,306,237.52365,229.21626
201901,20024,964382,0,227,204.47154,203.86548
201901,20025,1015347,0,178,162.09647999999999,162.09647999999999
201901,20026,1391920,0,308,193.49662,191.74673
201901,20027,1808666,0,419,247.72642,245.85801
201901,20028,1077227,0,262,233.46414,230.31918
201901,20029,1513957,0,389,271.60254,270.81835
201901,20030,780879,0,239,164.4734,158.4674
201901,20031,1288113,0,305,151.72683,151.72683
201901,20033,1472724,0,291,137.34084,123.07386
201901,20035,974854,0,205,179.62972,175.43643
201901,20037,1492169,0,337,125.61668,125.61668
201901,20038,1268679,0,342,200.91052,198.28972
201901,20039,1127011,0,241,110.53226,109.46209999999999
201901,20041,852934,0,160,123.18637,123.15143
201902,20001,1676724,0,367,1343.99435,1259.09363
201902,20002,1605206,0,377,1090.26594,1043.01349
201902,20003,1843952,0,361,768.28561,758.3265700000001
201902,20004,1876003,0,365,449.98505,441.70332
201902,20005,1559842,0,328,418.14628,409.8995
201902,20006,1850983,0,375,492.29526,479.99914
201902,20007,1665872,0,393,383.15653,368.79546
201902,20008,2065480,0,446,487.10919,476.98787
201902,20009,1728945,0,366,373.8455,366.72969
201902,20010,1494985,0,254,350.74178,337.76009
201902,20011,1299867,0,304,434.13552,431.62938
201902,20012,1474441,0,346,342.64339,330.26012
201902,20013,2097489,0,476,384.47955,377.10855
201902,20014,1433241,0,356,335.4624,332.43756
201902,20015,1626211,0,319,433.77594,424.16407
201902,20016,1074207,0,232,300.80232,292.64508
201902,20017,1544163,0,311,309.6098,308.7106
201902,20018,1504475,0,293,268.5076,265.84135
201902,20019,1733800,0,366,329.38823,323.66178
201902,20020,1167067,0,244,211.20153000000002,210.74725
201902,20021,1362811,0,248,220.72379999999998,219.88514999999998
201902,20022,1240993,0,265,241.46302,238.353
201902,20023,1803067,0,341,188.30448,175.61817
201902,20024,1197564,0,286,219.68856,212.08824
201902,20025,1238802,0,255,229.59846000000002,224.88102
201902,20026,1647433,0,360,264.82235,263.67957
201902,20027,2052913,0,487,243.10521,241.8596
201902,20028,1279372,0,280,285.35598,277.49358
201902,20029,1270217,0,270,201.22387,198.8713
201902,20030,720651,0,165,117.3354,114.7146
201902,20031,1318565,0,240,166.73525,159.71151
201902,20032,669555,0,83,253.17501,247.9988
201902,20033,1812757,0,317,139.65315,132.55515
201902,20035,1180747,0,232,148.63436,147.80444
201902,20037,2054771,0,477,213.58824,212.89111
201902,20038,1451226,0,308,216.05870000000002,215.67432
201902,20039,1880963,0,390,156.62559,156.62559
201902,20041,1098582,0,189,154.78455,142.4668
201903,20001,1944722,0,454,1607.18772,1470.65653
201903,20002,2148316,0,533,1112.63099,1083.62552
201903,20003,1749455,0,352,649.86647,638.0401
201903,20004,1954262,0,395,631.3808,619.77084
201903,20005,737787,0,183,532.47591,488.21387000000004
201903,20006,1954586,0,351,549.69807,502.43741
201903,20007,1892177,0,397,597.57032,576.23305
201903,20008,1638544,0,361,469.77324999999996,454.57036999999997
201903,20009,1708221,0,404,569.24176,525.47182
201903,20010,1341612,0,280,540.20806,522.8758300000001
201903,20011,1382868,0,360,503.89794,453.34926
201903,20012,1854162,0,393,484.35328,431.85211
201903,20013,1912778,0,439,480.63015,480.4254
201903,20014,1412786,0,354,417.36240000000004,410.47188
201903,20015,1689511,0,379,337.39127,336.64644
201903,20016,1474259,0,381,299.54106,292.57956
201903,20017,1657336,0,376,339.82735,327.82399
201903,20018,1370645,0,291,303.26308,291.76161
201903,20019,1638872,0,299,248.78921,244.63961
201903,20020,1360895,0,364,377.02824,376.69627
201903,20021,1373168,0,298,328.52612999999997,324.14065
201903,20022,1156006,0,298,320.19184,316.0335
201903,20023,1820687,0,362,257.01585,256.08492
201903,20024,1373573,0,314,316.36332,306.92844
201903,20025,1128021,0,258,263.30850000000004,253.13652000000002
201903,20026,1668576,0,406,260.96534,255.16212
201903,20027,2148658,0,505,257.28027000000003,255.81045
201903,20028,1483851,0,311,293.13648,284.68440000000004
201903,20029,1332080,0,238,179.83113,174.95867
201903,20030,935242,0,226,138.138,132.0228
201903,20031,911678,0,212,185.02846,182.52997
201903,20032,1868521,0,294,594.27807,573.57324
201903,20033,1880894,0,443,188.63208,187.54008000000002
201903,20035,1068641,0,240,187.07278000000002,185.39546
201903,20037,1921264,0,459,343.50394,337.6281
201903,20038,1097307,0,247,143.58485,142.58895
201903,20039,1380355,0,205,119.09355,118.02338999999999
201903,20041,893647,0,217,167.35559,159.91252
201904,20001,1801439,0,478,1757.73271,1647.6384799999998
201904,20002,1678478,0,454,1360.44402,1287.62346
201904,20003,1463308,0,282,569.69482,565.33774
201904,20004,1862260,0,346,468.21007000000003,466.70901
201904,20005,1645996,0,327,629.64621,624.9988
201904,20006,1993621,0,492,909.7157100000001,835.47883
201904,20007,2026119,0,412,512.57156,511.54994999999997
201904,20008,1484244,0,279,406.82868,403.69191
201904,20009,1679445,0,354,435.27193,391.28033
201904,20010,963326,0,236,463.95153,446.72413
201904,20011,1361458,0,279,398.2797,377.42796
201904,20012,1678620,0,414,504.41223,493.50316
201904,20013,1962942,0,476,393.58683,392.76783
201904,20014,1719357,0,445,572.41548,563.16624
201904,20015,1485431,0,338,327.97437,315.31224
201904,20016,1176334,0,281,320.0652,303.45588
201904,20017,1525065,0,295,397.97258,389.34645
201904,20018,2004522,0,415,506.93355,499.09162000000003
201904,20019,1434194,0,288,274.44753000000003,270.96187
201904,20020,1369456,0,276,318.02535,312.04993
201904,20021,872486,0,194,243.35882999999998,237.49697
201904,20022,799614,0,136,145.96109,145.17485
201904,20023,1625026,0,358,258.47094,255.5553
201904,20024,1138614,0,253,189.50022,186.4044
201904,20025,1096633,0,249,280.04886,260.67132
201904,20026,1373098,0,301,224.99454,215.64691
201904,20027,1902760,0,537,259.55348,258.15217
201904,20028,1259152,0,233,217.82124,213.89004
201904,20029,1525938,0,351,318.75867,315.15139
201904,20030,760812,0,194,162.0164,159.5594
201904,20031,1645831,0,384,303.97783,299.66223
201904,20032,1324985,0,280,365.61727,361.3822
201904,20033,1371958,0,274,151.87809,151.11369
201904,20035,944165,0,233,181.00127,178.97453
201904,20037,1556081,0,332,252.17957,249.67321
201904,20038,1400551,0,289,198.49938,197.15403999999998
201904,20039,1964310,0,435,237.52963,225.8496
201904,20041,942934,0,216,182.54755,173.89018
201905,20001,1237407,0,308,1694.39604,1629.78233
201905,20002,1288430,0,382,1097.99999,1034.98927
201905,20003,1791813,0,367,597.3156299999999,590.12515
201905,20004,2168654,0,444,625.56795,603.3108100000001
201905,20005,1851866,0,451,912.60972,897.26297
201905,20006,1186051,0,266,600.4719799999999,527.68846
201905,20007,1543045,0,384,405.53489,394.67651
201905,20008,1849112,0,405,491.07198,486.36682
201905,20009,1309063,0,318,601.03011,578.48564
201905,20010,1380837,0,263,427.33898,408.41679999999997
201905,20011,1084543,0,196,293.97186,286.69914
201905,20012,1145203,0,237,337.01195,329.06109000000004
201905,20013,1647778,0,355,424.43037,417.87837
201905,20014,1266302,0,332,454.03176,438.05580000000003
201905,20015,1359309,0,285,337.90545,312.36839
201905,20016,960615,0,201,303.70158,297.47718
201905,20017,1665670,0,416,451.08849000000004,437.91406
201905,20018,1452444,0,314,376.79933,368.42416
201905,20019,1363974,0,303,232.49506,213.78728
201905,20020,1147927,0,232,250.23397,246.35519
201905,20021,1011855,0,203,314.06799,298.79747
201905,20022,1371714,0,323,408.47787,401.78609
201905,20023,1851257,0,403,273.74256,263.5542
201905,20024,708135,0,135,188.48466000000002,185.3397
201905,20025,901657,0,169,156.19968,147.97692
201905,20026,1320091,0,277,197.83074,195.64338
201905,20027,1532054,0,284,224.93184,222.47177
201905,20028,821202,0,170,228.87774000000002,214.31592
201905,20029,1227512,0,258,209.75587,204.15151
201905,20030,362735,0,115,133.1876,129.2564
201905,20031,912671,0,188,140.05556,136.36898
201905,20032,1098518,0,261,505.26300000000003,488.43471
201905,20033,1597219,0,306,137.63295,137.28078
201905,20035,1034299,0,199,185.60513,181.35943
201905,20037,1361825,0,290,236.69322,233.60592
201905,20038,1146045,0,302,240.79909,240.79909
201905,20039,1503038,0,289,152.37548,148.09484
201905,20041,708997,0,121,124.98603,112.61585
201906,20001,1855998,0,396,1261.53572,1109.93769
201906,20002,1833744,0,415,954.04403,928.36431
201906,20003,1646089,0,324,682.7779400000001,662.3865400000001
201906,20004,1911657,0,348,683.92321,667.19411
201906,20005,1801852,0,383,890.39932,876.39696
201906,20006,2070508,0,401,505.87753,458.0418
201906,20007,1902083,0,441,554.05902,536.13689
201906,20008,2007418,0,406,607.67613,567.42091
201906,20009,1578205,0,345,624.1730699999999,610.3959
201906,20010,1639640,0,349,627.25357,600.2506
201906,20011,1595685,0,353,473.61132,451.71126
201906,20012,1334780,0,266,267.44936,258.41742
201906,20013,1999700,0,482,394.54506,391.79322
201906,20014,1789818,0,412,500.32164,455.82264000000004
201906,20015,1638863,0,359,484.76139,465.07657
201906,20016,1402203,0,304,335.6262,326.30598
201906,20017,1742243,0,283,290.31870000000004,262.44327
201906,20018,1752345,0,309,325.39821,288.46796
201906,20019,1483900,0,292,266.20364,264.79277
201906,20020,1384150,0,274,250.28639,247.66559
201906,20021,1578895,0,382,387.43291,379.40454
201906,20022,1454584,0,337,383.28327,366.85959
201906,20023,1817749,0,376,256.16955,252.34755
201906,20024,1444027,0,314,208.7631,202.47318
201906,20025,1310630,0,269,275.95386,259.88508
201906,20026,1710292,0,322,250.7088,243.76351
201906,20027,2230320,0,455,213.50958,210.70695
201906,20028,1433853,0,313,281.21184,273.52962
201906,20029,1394360,0,255,171.71732,170.14894
201906,20030,577872,0,199,158.28539999999998,156.9386
201906,20031,1372498,0,298,192.22695000000002,190.30503000000002
201906,20032,1561996,0,289,641.17778,605.54931
201906,20033,1727752,0,370,162.51144,160.32744
201906,20035,1312998,0,297,225.9305,219.22125
201906,20037,1850439,0,419,269.61613,265.50803
201906,20038,1496152,0,322,207.98668,201.90643
201906,20039,1681146,0,283,105.82354,105.77768
201906,20041,1364013,0,286,186.636,184.95869
201907,20001,1840720,0,432,1782.81423,1678.99318
201907,20002,1912082,0,401,1077.7999399999999,1066.44999
201907,20003,1891296,0,380,746.64283,715.20314
201907,20004,1914665,0,359,536.82933,521.71519
201907,20005,1730412,0,372,801.30821,745.74978
201907,20006,1718810,0,305,358.94075,343.11053
201907,20007,1971931,0,424,595.58552,573.37257
201907,20008,1730234,0,335,612.3709299999999,524.04994
201907,20009,1587639,0,383,727.31884,716.07987
201907,20010,1331323,0,273,486.94473,463.91661999999997
201907,20011,1573354,0,313,441.47375999999997,428.27148
201907,20012,1608008,0,405,432.46146,427.69487
201907,20013,2025149,0,450,586.23201,585.41301
201907,20014,1646341,0,404,556.4941200000001,523.3519200000001
201907,20015,1675442,0,366,488.13991,474.26299
201907,20016,1226324,0,248,332.97264,313.12008
201907,20017,1557248,0,274,259.74559,237.77776
201907,20018,1474973,0,256,247.36578,230.73044
201907,20019,1576029,0,314,241.6726,235.61417
201907,20020,1521090,0,357,336.33596,334.15196
201907,20021,912444,0,181,222.6108,221.07327
201907,20022,1409421,0,295,344.68763,340.12744
201907,20023,2227738,0,463,296.15586,297.79386
201907,20024,1471864,0,281,265.79826,265.6017
201907,20025,1137798,0,239,242.29296,232.90722
201907,20026,1617724,0,285,230.32896,231.15919
201907,20027,2025893,0,440,217.78825,213.67774
201907,20028,1280206,0,272,220.3929,218.03418
201907,20029,1321744,0,216,163.00755999999998,147.87787
201907,20030,241314,0,67,133.588,127.9278
201907,20031,1144030,0,299,212.07511,212.84387999999998
201907,20032,1456177,0,277,702.4854300000001,698.0262700000001
201907,20033,2165952,0,493,259.22988,257.59188
201907,20035,984186,0,216,153.97208,146.25818
201907,20037,1533429,0,331,184.44975,180.96409
201907,20038,1198055,0,238,155.01155,147.1841
201907,20039,1361005,0,285,124.32204999999999,125.85085
201907,20041,882262,0,179,147.34141,143.54999
201908,20001,1660006,0,365,1263.13762,1261.34529
201908,20002,1565248,0,315,827.2860400000001,813.78215
201908,20003,1511719,0,306,655.5137,635.59563
201908,20004,1605590,0,304,508.31433,482.13372
201908,20005,1278011,0,264,567.0178999999999,536.668
201908,20006,1331446,0,260,288.31105,262.73593
201908,20007,1506155,0,298,308.64629,307.82899
201908,20008,1372546,0,269,250.41891,233.00983
201908,20009,1403158,0,346,529.96073,520.41758
201908,20010,1055332,0,172,209.50688,199.86233
201908,20011,1096011,0,206,292.08816,287.89488
201908,20012,1240375,0,263,301.48373,301.48373
201908,20013,862940,0,176,192.57147,192.57147
201908,20014,933516,0,205,266.43708,262.11276
201908,20015,1177518,0,222,280.5269,277.54758
201908,20016,932722,0,160,184.88106,184.25862
201908,20017,1168054,0,231,177.45762,165.1092
201908,20018,1108967,0,209,133.83562,127.56209
201908,20019,1379127,0,278,241.72791,231.82421
201908,20020,1178871,0,271,240.04779,235.55749
201908,20021,1068189,0,208,187.75422,187.75422
201908,20022,1206694,0,242,251.92876,242.56377
201908,20023,1685995,0,355,262.68879,262.68879
201908,20024,1025898,0,212,196.29792,193.15296
201908,20025,1136412,0,222,224.7336,200.39292
201908,20026,1126547,0,185,120.01604,119.35544
201908,20027,1748097,0,370,219.40129,217.37718
201908,20028,486592,0,93,61.670700000000004,61.670700000000004
201908,20029,895282,0,167,93.59083,91.49965
201908,20030,463069,0,171,116.7894,113.98660000000001
201908,20031,1116127,0,231,130.00915,127.38835
201908,20032,1139669,0,255,709.20191,703.14059
201908,20033,1574099,0,363,225.65088,224.36505
201908,20035,882806,0,168,125.1433,122.06823
201908,20037,1055698,0,198,101.56564,101.30007
201908,20038,1044912,0,197,117.34193,116.57316
201908,20039,1301123,0,264,126.72224,118.13038
201908,20041,801409,0,154,112.5198,112.5198
201909,20001,1688864,0,392,1734.2419399999999,1660.00561
201909,20002,1575902,0,438,1095.0982199999999,1090.18771
201909,20003,2219665,0,470,977.10777,967.77116
201909,20004,2250126,0,466,818.26309,786.1714
201909,20005,1922705,0,454,932.68979,879.52808
201909,20006,1720177,0,364,430.80408,409.95501
201909,20007,1363458,0,315,371.38354,369.74894
201909,20008,1740105,0,348,350.95243,330.56343
201909,20009,1616922,0,427,568.3439500000001,558.45719
201909,20010,1302223,0,307,542.52311,524.94628
201909,20011,1451949,0,304,411.25266,401.03154
201909,20012,1598198,0,381,337.6606,330.62376
201909,20013,2374918,0,610,488.02572,486.28944
201909,20014,1279564,0,286,519.37704,503.64132
201909,20015,1546553,0,396,413.6921,405.00241
201909,20016,1421998,0,383,363.2265,361.39194
201909,20017,1587552,0,311,262.62094,257.6021
201909,20018,1525201,0,299,233.35490000000001,233.08305000000001
201909,20019,2015114,0,423,396.95751,349.51374
201909,20020,1413381,0,310,305.65516,297.79276
201909,20021,1221342,0,293,322.17505,317.98178
201909,20022,1258637,0,276,314.77555,312.15475000000004
201909,20023,2075561,0,446,367.49076,366.12576
201909,20024,1290952,0,328,289.53288,278.77122
201909,20025,1228914,0,268,313.21836,302.211
201909,20026,1454432,143,359,210.9922,209.49245
201909,20027,1954597,0,471,255.4429,245.26006999999998
201909,20028,1616530,0,342,273.74256,271.00710000000004
201909,20029,1200970,0,237,139.94184,139.94184
201909,20030,1097474,0,261,157.5574,155.8648
201909,20031,1035471,0,231,170.4568,166.9624
201909,20032,994807,0,249,669.41053,629.90072
201909,20033,1953745,0,411,255.38058,253.6989
201909,20035,1047433,0,282,206.44926,203.09464
201909,20037,1425307,0,256,164.21634,161.02945
201909,20038,1331404,0,335,194.74288,192.99568
201909,20039,1699869,0,353,182.4623,178.41098
201909,20041,978142,0,215,143.13947,138.94619
201910,20001,1298289,0,367,1587.87525,1561.50552
201910,20002,903212,0,312,2013.36305,1979.53635
201910,20003,1943704,0,404,1091.94793,1081.36645
201910,20004,2168443,0,508,1078.32756,1064.69633
201910,20005,1728921,0,418,1040.72694,996.78275
201910,20006,1870238,0,384,540.08918,528.3263
201910,20007,1686488,0,386,471.50232,445.34884
201910,20008,1860338,0,372,457.91627,452.77197
201910,20009,547199,0,240,562.49175,556.15182
201910,20010,973029,0,199,503.88378,448.82077999999996
201910,20011,1217209,0,256,455.92092,423.68508
201910,20012,1126136,0,224,320.27487,282.29947
201910,20013,2035948,0,485,544.49577,527.29677
201910,20014,1516037,0,425,517.05108,512.00604
201910,20015,1330300,0,335,492.9812,472.56925
201910,20016,872520,0,198,275.28228,268.73028
201910,20017,1656556,0,318,305.29145,302.15469
201910,20018,1319541,0,252,280.19729,277.84472
201910,20019,1728969,0,387,471.33913,455.61906
201910,20020,1105746,0,228,245.13217,239.20917
201910,20021,921406,0,203,256.30554,246.39019
201910,20022,861192,0,189,168.60478,166.05387000000002
201910,20023,1942530,0,450,393.94173,386.37963
201910,20024,870446,0,174,216.93672,201.83436
201910,20025,566271,0,157,145.1268,144.56988
201910,20026,1329710,131,310,376.67911,374.10811
201910,20027,1962681,0,416,222.70213999999999,212.75597
201910,20028,699885,0,118,84.6027,83.57076
201910,20029,1431548,0,265,198.20215,197.41796
201910,20030,689822,0,136,87.997,86.177
201910,20031,850917,0,207,114.75608,113.88248
201910,20032,1126442,0,228,874.03273,751.16808
201910,20033,1698580,0,345,207.52641,203.47782
201910,20035,758939,0,181,141.30488,137.66197
201910,20037,1514918,0,263,130.978,130.71243
201910,20038,1441462,0,287,168.4301,165.05801
201910,20039,1524718,0,290,230.69594,203.83492999999999
201910,20041,993632,0,234,234.89368,227.76511
201911,20001,1586010,0,392,1446.07905,1397.37231
201911,20002,2148717,0,590,1524.53293,1423.5773900000002
201911,20003,1687596,0,351,996.01433,948.29393
201911,20004,1791126,0,373,743.7534899999999,723.94206
201911,20005,1484223,0,320,644.13823,606.91173
201911,20006,1535381,0,334,433.1149,399.6142
201911,20007,2109952,0,441,365.27316,357.85913
201911,20008,1617404,0,363,416.43772,396.49833
201911,20009,1843020,0,475,724.52578,711.89025
201911,20010,1515669,0,319,560.64163,470.96657999999996
201911,20011,1106387,0,251,301.91616,294.15204
201911,20012,1751461,0,404,389.41481999999996,357.11018
201911,20013,1873243,0,420,345.82275,336.1995
201911,20014,1851447,0,423,422.64768,415.85544
201911,20015,1465386,0,372,340.09578,322.45923
201911,20016,1167019,0,250,307.7802,302.11272
201911,20017,1423685,0,311,230.58406,216.83455
201911,20018,1360869,0,325,262.06678,254.22485
201911,20019,1555823,0,321,388.25033,375.38656
201911,20020,1391606,0,326,329.94126,320.50638
201911,20021,1292358,0,292,289.58976,284.14722
201911,20022,1237280,0,290,362.15958,346.19018
201911,20023,1706499,0,334,288.00135,276.31695
201911,20024,749957,0,217,159.80328,158.4765
201911,20025,1127244,0,232,247.71474,243.78354
201911,20026,1495965,147,309,313.41277,310.41326
201911,20027,1790053,0,404,283.79294,280.99034
201911,20028,1635494,0,388,323.43948,320.29452
201911,20029,1107842,0,260,169.09292,160.46681
201911,20030,444931,0,73,98.371,96.5328
201911,20031,1705992,0,439,351.93846,349.59721
201911,20032,1885343,0,461,1022.67356,906.69823
201911,20033,1656264,0,345,185.6946,184.6026
201911,20035,1086092,0,228,195.87864,189.03836
201911,20037,1434325,0,248,94.89313,93.49887
201911,20038,1085352,0,236,138.88491000000002,135.39051
201911,20039,1445810,0,271,116.0971,114.01792999999999
201911,20041,884727,0,154,115.9879,97.96554
201912,20001,1789613,0,407,1650.46149,1504.68856
201912,20002,992822,0,217,1091.94005,1087.30855
201912,20003,1638758,0,314,969.9950699999999,892.5012899999999
201912,20004,1609028,0,313,678.55296,637.90002
201912,20005,1446240,0,269,630.46664,593.24443
201912,20006,1268485,0,250,439.86931,417.23228
201912,20007,1503634,0,338,398.77269,390.43432
201912,20008,1025159,0,171,225.35605999999999,195.36854
201912,20009,1159330,0,297,522.85608,495.03574
201912,20010,891559,0,172,440.59146,359.59997999999996
201912,20011,1423868,0,333,401.35914,392.3829
201912,20012,761975,0,140,173.13004,173.13004
201912,20013,1537474,0,357,321.36741,318.09141
201912,20014,1067109,0,261,276.07944,272.02812
201912,20015,1147235,0,243,314.29249,297.27663
201912,20016,1116625,0,266,288.79578,273.20202
201912,20017,932955,0,173,224.25824,216.90773
201912,20018,943390,0,174,143.20409,141.63569999999999
201912,20019,1313142,0,269,363.66391,351.54708
201912,20020,1156558,0,282,268.33494,266.06358
201912,20021,740276,0,162,207.12184,203.76721
201912,20022,1177205,0,255,213.21079,210.8346
201912,20023,1567808,0,273,185.71917,181.13277
201912,20024,1494904,0,342,277.52634,270.45018
201912,20025,1004004,0,207,252.61236,241.83432000000002
201912,20026,1228194,121,261,235.33629,235.10419
201912,20027,1107283,0,229,158.25444,155.25876
201912,20028,791405,0,147,110.84346000000001,109.92618
201912,20029,904043,0,178,170.77629000000002,150.64869000000002
201912,20030,679762,0,155,102.9574,102.7572
201912,20031,963227,0,212,140.54477,139.91577
201912,20032,1108616,0,242,574.11879,527.79811
201912,20033,1180740,0,204,98.40012,96.76212
201912,20035,831419,0,182,185.86717,179.97912
201912,20037,1178048,0,190,63.37274,63.37274
201912,20038,1025049,0,242,157.68477,157.68477
201912,20039,1402661,0,300,130.2385,128.40394
201912,20041,628230,0,117,117.14981,113.11379
